fecha_id,fecha,anio,mes,nombre_mes,trimestre,dia_semana
20240101,2024-01-01,2024,1,January,1,Monday
20240102,2024-01-02,2024,1,January,1,Tuesday
20240103,2024-01-03,2024,1,January,1,Wednesday
20240104,2024-01-04,2024,1,January,1,Thursday
20240105,2024-01-05,2024,1,January,1,Friday
20240106,2024-01-06,2024,1,January,1,Saturday
20240107,2024-01-07,2024,1,January,1,Sunday
20240108,2024-01-08,2024,1,January,1,Monday
20240109,2024-01-09,2024,1,January,1,Tuesday
20240110,2024-01-10,2024,1,January,1,Wednesday
20240111,2024-01-11,2024,1,January,1,Thursday
20240112,2024-01-12,2024,1,January,1,Friday
20240113,2024-01-13,2024,1,January,1,Saturday
20240114,2024-01-14,2024,1,January,1,Sunday
20240115,2024-01-15,2024,1,January,1,Monday
20240116,2024-01-16,2024,1,January,1,Tuesday
20240117,2024-01-17,2024,1,January,1,Wednesday
20240118,2024-01-18,2024,1,January,1,Thursday
20240119,2024-01-19,2024,1,January,1,Friday
20240120,2024-01-20,2024,1,January,1,Saturday
20240121,2024-01-21,2024,1,January,1,Sunday
20240122,2024-01-22,2024,1,January,1,Monday
20240123,2024-01-23,2024,1,January,1,Tuesday
20240124,2024-01-24,2024,1,January,1,Wednesday
20240125,2024-01-25,2024,1,January,1,Thursday
20240126,2024-01-26,2024,1,January,1,Friday
20240127,2024-01-27,2024,1,January,1,Saturday
20240128,2024-01-28,2024,1,January,1,Sunday
20240129,2024-01-29,2024,1,January,1,Monday
20240130,2024-01-30,2024,1,January,1,Tuesday
20240131,2024-01-31,2024,1,January,1,Wednesday
20240201,2024-02-01,2024,2,February,1,Thursday
20240202,2024-02-02,2024,2,February,1,Friday
20240203,2024-02-03,2024,2,February,1,Saturday
20240204,2024-02-04,2024,2,February,1,Sunday
20240205,2024-02-05,2024,2,February,1,Monday
20240206,2024-02-06,2024,2,February,1,Tuesday
20240207,2024-02-07,2024,2,February,1,Wednesday
20240208,2024-02-08,2024,2,February,1,Thursday
20240209,2024-02-09,2024,2,February,1,Friday
20240210,2024-02-10,2024,2,February,1,Saturday
20240211,2024-02-11,2024,2,February,1,Sunday
20240212,2024-02-12,2024,2,February,1,Monday
20240213,2024-02-13,2024,2,February,1,Tuesday
20240214,2024-02-14,2024,2,February,1,Wednesday
20240215,2024-02-15,2024,2,February,1,Thursday
20240216,2024-02-16,2024,2,February,1,Friday
20240217,2024-02-17,2024,2,February,1,Saturday
20240218,2024-02-18,2024,2,February,1,Sunday
20240219,2024-02-19,2024,2,February,1,Monday
20240220,2024-02-20,2024,2,February,1,Tuesday
20240221,2024-02-21,2024,2,February,1,Wednesday
20240222,2024-02-22,2024,2,February,1,Thursday
20240223,2024-02-23,2024,2,February,1,Friday
20240224,2024-02-24,2024,2,February,1,Saturday
20240225,2024-02-25,2024,2,February,1,Sunday
20240226,2024-02-26,2024,2,February,1,Monday
20240227,2024-02-27,2024,2,February,1,Tuesday
20240228,2024-02-28,2024,2,February,1,Wednesday
20240229,2024-02-29,2024,2,February,1,Thursday
20240301,2024-03-01,2024,3,March,1,Friday
20240302,2024-03-02,2024,3,March,1,Saturday
20240303,2024-03-03,2024,3,March,1,Sunday
20240304,2024-03-04,2024,3,March,1,Monday
20240305,2024-03-05,2024,3,March,1,Tuesday
20240306,2024-03-06,2024,3,March,1,Wednesday
20240307,2024-03-07,2024,3,March,1,Thursday
20240308,2024-03-08,2024,3,March,1,Friday
20240309,2024-03-09,2024,3,March,1,Saturday
20240310,2024-03-10,2024,3,March,1,Sunday
20240311,2024-03-11,2024,3,March,1,Monday
20240312,2024-03-12,2024,3,March,1,Tuesday
20240313,2024-03-13,2024,3,March,1,Wednesday
20240314,2024-03-14,2024,3,March,1,Thursday
20240315,2024-03-15,2024,3,March,1,Friday
20240316,2024-03-16,2024,3,March,1,Saturday
20240317,2024-03-17,2024,3,March,1,Sunday
20240318,2024-03-18,2024,3,March,1,Monday
20240319,2024-03-19,2024,3,March,1,Tuesday
20240320,2024-03-20,2024,3,March,1,Wednesday
20240321,2024-03-21,2024,3,March,1,Thursday
20240322,2024-03-22,2024,3,March,1,Friday
20240323,2024-03-23,2024,3,March,1,Saturday
20240324,2024-03-24,2024,3,March,1,Sunday
20240325,2024-03-25,2024,3,March,1,Monday
20240326,2024-03-26,2024,3,March,1,Tuesday
20240327,2024-03-27,2024,3,March,1,Wednesday
20240328,2024-03-28,2024,3,March,1,Thursday
20240329,2024-03-29,2024,3,March,1,Friday
20240330,2024-03-30,2024,3,March,1,Saturday
20240331,2024-03-31,2024,3,March,1,Sunday
20240401,2024-04-01,2024,4,April,2,Monday
20240402,2024-04-02,2024,4,April,2,Tuesday
20240403,2024-04-03,2024,4,April,2,Wednesday
20240404,2024-04-04,2024,4,April,2,Thursday
20240405,2024-04-05,2024,4,April,2,Friday
20240406,2024-04-06,2024,4,April,2,Saturday
20240407,2024-04-07,2024,4,April,2,Sunday
20240408,2024-04-08,2024,4,April,2,Monday
20240409,2024-04-09,2024,4,April,2,Tuesday
20240410,2024-04-10,2024,4,April,2,Wednesday
20240411,2024-04-11,2024,4,April,2,Thursday
20240412,2024-04-12,2024,4,April,2,Friday
20240413,2024-04-13,2024,4,April,2,Saturday
20240414,2024-04-14,2024,4,April,2,Sunday
20240415,2024-04-15,2024,4,April,2,Monday
20240416,2024-04-16,2024,4,April,2,Tuesday
20240417,2024-04-17,2024,4,April,2,Wednesday
20240418,2024-04-18,2024,4,April,2,Thursday
20240419,2024-04-19,2024,4,April,2,Friday
20240420,2024-04-20,2024,4,April,2,Saturday
20240421,2024-04-21,2024,4,April,2,Sunday
20240422,2024-04-22,2024,4,April,2,Monday
20240423,2024-04-23,2024,4,April,2,Tuesday
20240424,2024-04-24,2024,4,April,2,Wednesday
20240425,2024-04-25,2024,4,April,2,Thursday
20240426,2024-04-26,2024,4,April,2,Friday
20240427,2024-04-27,2024,4,April,2,Saturday
20240428,2024-04-28,2024,4,April,2,Sunday
20240429,2024-04-29,2024,4,April,2,Monday
20240430,2024-04-30,2024,4,April,2,Tuesday
20240501,2024-05-01,2024,5,May,2,Wednesday
20240502,2024-05-02,2024,5,May,2,Thursday
20240503,2024-05-03,2024,5,May,2,Friday
20240504,2024-05-04,2024,5,May,2,Saturday
20240505,2024-05-05,2024,5,May,2,Sunday
20240506,2024-05-06,2024,5,May,2,Monday
20240507,2024-05-07,2024,5,May,2,Tuesday
20240508,2024-05-08,2024,5,May,2,Wednesday
20240509,2024-05-09,2024,5,May,2,Thursday
20240510,2024-05-10,2024,5,May,2,Friday
20240511,2024-05-11,2024,5,May,2,Saturday
20240512,2024-05-12,2024,5,May,2,Sunday
20240513,2024-05-13,2024,5,May,2,Monday
20240514,2024-05-14,2024,5,May,2,Tuesday
20240515,2024-05-15,2024,5,May,2,Wednesday
20240516,2024-05-16,2024,5,May,2,Thursday
20240517,2024-05-17,2024,5,May,2,Friday
20240518,2024-05-18,2024,5,May,2,Saturday
20240519,2024-05-19,2024,5,May,2,Sunday
20240520,2024-05-20,2024,5,May,2,Monday
20240521,2024-05-21,2024,5,May,2,Tuesday
20240522,2024-05-22,2024,5,May,2,Wednesday
20240523,2024-05-23,2024,5,May,2,Thursday
20240524,2024-05-24,2024,5,May,2,Friday
20240525,2024-05-25,2024,5,May,2,Saturday
20240526,2024-05-26,2024,5,May,2,Sunday
20240527,2024-05-27,2024,5,May,2,Monday
20240528,2024-05-28,2024,5,May,2,Tuesday
20240529,2024-05-29,2024,5,May,2,Wednesday
20240530,2024-05-30,2024,5,May,2,Thursday
20240531,2024-05-31,2024,5,May,2,Friday
20240601,2024-06-01,2024,6,June,2,Saturday
20240602,2024-06-02,2024,6,June,2,Sunday
20240603,2024-06-03,2024,6,June,2,Monday
20240604,2024-06-04,2024,6,June,2,Tuesday
20240605,2024-06-05,2024,6,June,2,Wednesday
20240606,2024-06-06,2024,6,June,2,Thursday
20240607,2024-06-07,2024,6,June,2,Friday
20240608,2024-06-08,2024,6,June,2,Saturday
20240609,2024-06-09,2024,6,June,2,Sunday
20240610,2024-06-10,2024,6,June,2,Monday
20240611,2024-06-11,2024,6,June,2,Tuesday
20240612,2024-06-12,2024,6,June,2,Wednesday
20240613,2024-06-13,2024,6,June,2,Thursday
20240614,2024-06-14,2024,6,June,2,Friday
20240615,2024-06-15,2024,6,June,2,Saturday
20240616,2024-06-16,2024,6,June,2,Sunday
20240617,2024-06-17,2024,6,June,2,Monday
20240618,2024-06-18,2024,6,June,2,Tuesday
20240619,2024-06-19,2024,6,June,2,Wednesday
20240620,2024-06-20,2024,6,June,2,Thursday
20240621,2024-06-21,2024,6,June,2,Friday
20240622,2024-06-22,2024,6,June,2,Saturday
20240623,2024-06-23,2024,6,June,2,Sunday
20240624,2024-06-24,2024,6,June,2,Monday
20240625,2024-06-25,2024,6,June,2,Tuesday
20240626,2024-06-26,2024,6,June,2,Wednesday
20240627,2024-06-27,2024,6,June,2,Thursday
20240628,2024-06-28,2024,6,June,2,Friday
20240629,2024-06-29,2024,6,June,2,Saturday
20240630,2024-06-30,2024,6,June,2,Sunday
20240701,2024-07-01,2024,7,July,3,Monday
20240702,2024-07-02,2024,7,July,3,Tuesday
20240703,2024-07-03,2024,7,July,3,Wednesday
20240704,2024-07-04,2024,7,July,3,Thursday
20240705,2024-07-05,2024,7,July,3,Friday
20240706,2024-07-06,2024,7,July,3,Saturday
20240707,2024-07-07,2024,7,July,3,Sunday
20240708,2024-07-08,2024,7,July,3,Monday
20240709,2024-07-09,2024,7,July,3,Tuesday
20240710,2024-07-10,2024,7,July,3,Wednesday
20240711,2024-07-11,2024,7,July,3,Thursday
20240712,2024-07-12,2024,7,July,3,Friday
20240713,2024-07-13,2024,7,July,3,Saturday
20240714,2024-07-14,2024,7,July,3,Sunday
20240715,2024-07-15,2024,7,July,3,Monday
20240716,2024-07-16,2024,7,July,3,Tuesday
20240717,2024-07-17,2024,7,July,3,Wednesday
20240718,2024-07-18,2024,7,July,3,Thursday
20240719,2024-07-19,2024,7,July,3,Friday
20240720,2024-07-20,2024,7,July,3,Saturday
20240721,2024-07-21,2024,7,July,3,Sunday
20240722,2024-07-22,2024,7,July,3,Monday
20240723,2024-07-23,2024,7,July,3,Tuesday
20240724,2024-07-24,2024,7,July,3,Wednesday
20240725,2024-07-25,2024,7,July,3,Thursday
20240726,2024-07-26,2024,7,July,3,Friday
20240727,2024-07-27,2024,7,July,3,Saturday
20240728,2024-07-28,2024,7,July,3,Sunday
20240729,2024-07-29,2024,7,July,3,Monday
20240730,2024-07-30,2024,7,July,3,Tuesday
20240731,2024-07-31,2024,7,July,3,Wednesday
20240801,2024-08-01,2024,8,August,3,Thursday
20240802,2024-08-02,2024,8,August,3,Friday
20240803,2024-08-03,2024,8,August,3,Saturday
20240804,2024-08-04,2024,8,August,3,Sunday
20240805,2024-08-05,2024,8,August,3,Monday
20240806,2024-08-06,2024,8,August,3,Tuesday
20240807,2024-08-07,2024,8,August,3,Wednesday
20240808,2024-08-08,2024,8,August,3,Thursday
20240809,2024-08-09,2024,8,August,3,Friday
20240810,2024-08-10,2024,8,August,3,Saturday
20240811,2024-08-11,2024,8,August,3,Sunday
20240812,2024-08-12,2024,8,August,3,Monday
20240813,2024-08-13,2024,8,August,3,Tuesday
20240814,2024-08-14,2024,8,August,3,Wednesday
20240815,2024-08-15,2024,8,August,3,Thursday
20240816,2024-08-16,2024,8,August,3,Friday
20240817,2024-08-17,2024,8,August,3,Saturday
20240818,2024-08-18,2024,8,August,3,Sunday
20240819,2024-08-19,2024,8,August,3,Monday
20240820,2024-08-20,2024,8,August,3,Tuesday
20240821,2024-08-21,2024,8,August,3,Wednesday
20240822,2024-08-22,2024,8,August,3,Thursday
20240823,2024-08-23,2024,8,August,3,Friday
20240824,2024-08-24,2024,8,August,3,Saturday
20240825,2024-08-25,2024,8,August,3,Sunday
20240826,2024-08-26,2024,8,August,3,Monday
20240827,2024-08-27,2024,8,August,3,Tuesday
20240828,2024-08-28,2024,8,August,3,Wednesday
20240829,2024-08-29,2024,8,August,3,Thursday
20240830,2024-08-30,2024,8,August,3,Friday
20240831,2024-08-31,2024,8,August,3,Saturday
20240901,2024-09-01,2024,9,September,3,Sunday
20240902,2024-09-02,2024,9,September,3,Monday
20240903,2024-09-03,2024,9,September,3,Tuesday
20240904,2024-09-04,2024,9,September,3,Wednesday
20240905,2024-09-05,2024,9,September,3,Thursday
20240906,2024-09-06,2024,9,September,3,Friday
20240907,2024-09-07,2024,9,September,3,Saturday
20240908,2024-09-08,2024,9,September,3,Sunday
20240909,2024-09-09,2024,9,September,3,Monday
20240910,2024-09-10,2024,9,September,3,Tuesday
20240911,2024-09-11,2024,9,September,3,Wednesday
20240912,2024-09-12,2024,9,September,3,Thursday
20240913,2024-09-13,2024,9,September,3,Friday
20240914,2024-09-14,2024,9,September,3,Saturday
20240915,2024-09-15,2024,9,September,3,Sunday
20240916,2024-09-16,2024,9,September,3,Monday
20240917,2024-09-17,2024,9,September,3,Tuesday
20240918,2024-09-18,2024,9,September,3,Wednesday
20240919,2024-09-19,2024,9,September,3,Thursday
20240920,2024-09-20,2024,9,September,3,Friday
20240921,2024-09-21,2024,9,September,3,Saturday
20240922,2024-09-22,2024,9,September,3,Sunday
20240923,2024-09-23,2024,9,September,3,Monday
20240924,2024-09-24,2024,9,September,3,Tuesday
20240925,2024-09-25,2024,9,September,3,Wednesday
20240926,2024-09-26,2024,9,September,3,Thursday
20240927,2024-09-27,2024,9,September,3,Friday
20240928,2024-09-28,2024,9,September,3,Saturday
20240929,2024-09-29,2024,9,September,3,Sunday
20240930,2024-09-30,2024,9,September,3,Monday
20241001,2024-10-01,2024,10,October,4,Tuesday
20241002,2024-10-02,2024,10,October,4,Wednesday
20241003,2024-10-03,2024,10,October,4,Thursday
20241004,2024-10-04,2024,10,October,4,Friday
20241005,2024-10-05,2024,10,October,4,Saturday
20241006,2024-10-06,2024,10,October,4,Sunday
20241007,2024-10-07,2024,10,October,4,Monday
20241008,2024-10-08,2024,10,October,4,Tuesday
20241009,2024-10-09,2024,10,October,4,Wednesday
20241010,2024-10-10,2024,10,October,4,Thursday
20241011,2024-10-11,2024,10,October,4,Friday
20241012,2024-10-12,2024,10,October,4,Saturday
20241013,2024-10-13,2024,10,October,4,Sunday
20241014,2024-10-14,2024,10,October,4,Monday
20241015,2024-10-15,2024,10,October,4,Tuesday
20241016,2024-10-16,2024,10,October,4,Wednesday
20241017,2024-10-17,2024,10,October,4,Thursday
20241018,2024-10-18,2024,10,October,4,Friday
20241019,2024-10-19,2024,10,October,4,Saturday
20241020,2024-10-20,2024,10,October,4,Sunday
20241021,2024-10-21,2024,10,October,4,Monday
20241022,2024-10-22,2024,10,October,4,Tuesday
20241023,2024-10-23,2024,10,October,4,Wednesday
20241024,2024-10-24,2024,10,October,4,Thursday
20241025,2024-10-25,2024,10,October,4,Friday
20241026,2024-10-26,2024,10,October,4,Saturday
20241027,2024-10-27,2024,10,October,4,Sunday
20241028,2024-10-28,2024,10,October,4,Monday
20241029,2024-10-29,2024,10,October,4,Tuesday
20241030,2024-10-30,2024,10,October,4,Wednesday
20241031,2024-10-31,2024,10,October,4,Thursday
20241101,2024-11-01,2024,11,November,4,Friday
20241102,2024-11-02,2024,11,November,4,Saturday
20241103,2024-11-03,2024,11,November,4,Sunday
20241104,2024-11-04,2024,11,November,4,Monday
20241105,2024-11-05,2024,11,November,4,Tuesday
20241106,2024-11-06,2024,11,November,4,Wednesday
20241107,2024-11-07,2024,11,November,4,Thursday
20241108,2024-11-08,2024,11,November,4,Friday
20241109,2024-11-09,2024,11,November,4,Saturday
20241110,2024-11-10,2024,11,November,4,Sunday
20241111,2024-11-11,2024,11,November,4,Monday
20241112,2024-11-12,2024,11,November,4,Tuesday
20241113,2024-11-13,2024,11,November,4,Wednesday
20241114,2024-11-14,2024,11,November,4,Thursday
20241115,2024-11-15,2024,11,November,4,Friday
20241116,2024-11-16,2024,11,November,4,Saturday
20241117,2024-11-17,2024,11,November,4,Sunday
20241118,2024-11-18,2024,11,November,4,Monday
20241119,2024-11-19,2024,11,November,4,Tuesday
20241120,2024-11-20,2024,11,November,4,Wednesday
20241121,2024-11-21,2024,11,November,4,Thursday
20241122,2024-11-22,2024,11,November,4,Friday
20241123,2024-11-23,2024,11,November,4,Saturday
20241124,2024-11-24,2024,11,November,4,Sunday
20241125,2024-11-25,2024,11,November,4,Monday
20241126,2024-11-26,2024,11,November,4,Tuesday
20241127,2024-11-27,2024,11,November,4,Wednesday
20241128,2024-11-28,2024,11,November,4,Thursday
20241129,2024-11-29,2024,11,November,4,Friday
20241130,2024-11-30,2024,11,November,4,Saturday
20241201,2024-12-01,2024,12,December,4,Sunday
20241202,2024-12-02,2024,12,December,4,Monday
20241203,2024-12-03,2024,12,December,4,Tuesday
20241204,2024-12-04,2024,12,December,4,Wednesday
20241205,2024-12-05,2024,12,December,4,Thursday
20241206,2024-12-06,2024,12,December,4,Friday
20241207,2024-12-07,2024,12,December,4,Saturday
20241208,2024-12-08,2024,12,December,4,Sunday
20241209,2024-12-09,2024,12,December,4,Monday
20241210,2024-12-10,2024,12,December,4,Tuesday
20241211,2024-12-11,2024,12,December,4,Wednesday
20241212,2024-12-12,2024,12,December,4,Thursday
20241213,2024-12-13,2024,12,December,4,Friday
20241214,2024-12-14,2024,12,December,4,Saturday
20241215,2024-12-15,2024,12,December,4,Sunday
20241216,2024-12-16,2024,12,December,4,Monday
20241217,2024-12-17,2024,12,December,4,Tuesday
20241218,2024-12-18,2024,12,December,4,Wednesday
20241219,2024-12-19,2024,12,December,4,Thursday
20241220,2024-12-20,2024,12,December,4,Friday
20241221,2024-12-21,2024,12,December,4,Saturday
20241222,2024-12-22,2024,12,December,4,Sunday
20241223,2024-12-23,2024,12,December,4,Monday
20241224,2024-12-24,2024,12,December,4,Tuesday
20241225,2024-12-25,2024,12,December,4,Wednesday
20241226,2024-12-26,2024,12,December,4,Thursday
20241227,2024-12-27,2024,12,December,4,Friday
20241228,2024-12-28,2024,12,December,4,Saturday
20241229,2024-12-29,2024,12,December,4,Sunday
20241230,2024-12-30,2024,12,December,4,Monday
20241231,2024-12-31,2024,12,December,4,Tuesday
20250101,2025-01-01,2025,1,January,1,Wednesday
20250102,2025-01-02,2025,1,January,1,Thursday
20250103,2025-01-03,2025,1,January,1,Friday
20250104,2025-01-04,2025,1,January,1,Saturday
20250105,2025-01-05,2025,1,January,1,Sunday
20250106,2025-01-06,2025,1,January,1,Monday
20250107,2025-01-07,2025,1,January,1,Tuesday
20250108,2025-01-08,2025,1,January,1,Wednesday
20250109,2025-01-09,2025,1,January,1,Thursday
20250110,2025-01-10,2025,1,January,1,Friday
20250111,2025-01-11,2025,1,January,1,Saturday
20250112,2025-01-12,2025,1,January,1,Sunday
20250113,2025-01-13,2025,1,January,1,Monday
20250114,2025-01-14,2025,1,January,1,Tuesday
20250115,2025-01-15,2025,1,January,1,Wednesday
20250116,2025-01-16,2025,1,January,1,Thursday
20250117,2025-01-17,2025,1,January,1,Friday
20250118,2025-01-18,2025,1,January,1,Saturday
20250119,2025-01-19,2025,1,January,1,Sunday
20250120,2025-01-20,2025,1,January,1,Monday
20250121,2025-01-21,2025,1,January,1,Tuesday
20250122,2025-01-22,2025,1,January,1,Wednesday
20250123,2025-01-23,2025,1,January,1,Thursday
20250124,2025-01-24,2025,1,January,1,Friday
20250125,2025-01-25,2025,1,January,1,Saturday
20250126,2025-01-26,2025,1,January,1,Sunday
20250127,2025-01-27,2025,1,January,1,Monday
20250128,2025-01-28,2025,1,January,1,Tuesday
20250129,2025-01-29,2025,1,January,1,Wednesday
20250130,2025-01-30,2025,1,January,1,Thursday
20250131,2025-01-31,2025,1,January,1,Friday
20250201,2025-02-01,2025,2,February,1,Saturday
20250202,2025-02-02,2025,2,February,1,Sunday
20250203,2025-02-03,2025,2,February,1,Monday
20250204,2025-02-04,2025,2,February,1,Tuesday
20250205,2025-02-05,2025,2,February,1,Wednesday
20250206,2025-02-06,2025,2,February,1,Thursday
20250207,2025-02-07,2025,2,February,1,Friday
20250208,2025-02-08,2025,2,February,1,Saturday
20250209,2025-02-09,2025,2,February,1,Sunday
20250210,2025-02-10,2025,2,February,1,Monday
20250211,2025-02-11,2025,2,February,1,Tuesday
20250212,2025-02-12,2025,2,February,1,Wednesday
20250213,2025-02-13,2025,2,February,1,Thursday
20250214,2025-02-14,2025,2,February,1,Friday
20250215,2025-02-15,2025,2,February,1,Saturday
20250216,2025-02-16,2025,2,February,1,Sunday
20250217,2025-02-17,2025,2,February,1,Monday
20250218,2025-02-18,2025,2,February,1,Tuesday
20250219,2025-02-19,2025,2,February,1,Wednesday
20250220,2025-02-20,2025,2,February,1,Thursday
20250221,2025-02-21,2025,2,February,1,Friday
20250222,2025-02-22,2025,2,February,1,Saturday
20250223,2025-02-23,2025,2,February,1,Sunday
20250224,2025-02-24,2025,2,February,1,Monday
20250225,2025-02-25,2025,2,February,1,Tuesday
20250226,2025-02-26,2025,2,February,1,Wednesday
20250227,2025-02-27,2025,2,February,1,Thursday
20250228,2025-02-28,2025,2,February,1,Friday
20250301,2025-03-01,2025,3,March,1,Saturday
20250302,2025-03-02,2025,3,March,1,Sunday
20250303,2025-03-03,2025,3,March,1,Monday
20250304,2025-03-04,2025,3,March,1,Tuesday
20250305,2025-03-05,2025,3,March,1,Wednesday
20250306,2025-03-06,2025,3,March,1,Thursday
20250307,2025-03-07,2025,3,March,1,Friday
20250308,2025-03-08,2025,3,March,1,Saturday
20250309,2025-03-09,2025,3,March,1,Sunday
20250310,2025-03-10,2025,3,March,1,Monday
20250311,2025-03-11,2025,3,March,1,Tuesday
20250312,2025-03-12,2025,3,March,1,Wednesday
20250313,2025-03-13,2025,3,March,1,Thursday
20250314,2025-03-14,2025,3,March,1,Friday
20250315,2025-03-15,2025,3,March,1,Saturday
20250316,2025-03-16,2025,3,March,1,Sunday
20250317,2025-03-17,2025,3,March,1,Monday
20250318,2025-03-18,2025,3,March,1,Tuesday
20250319,2025-03-19,2025,3,March,1,Wednesday
20250320,2025-03-20,2025,3,March,1,Thursday
20250321,2025-03-21,2025,3,March,1,Friday
20250322,2025-03-22,2025,3,March,1,Saturday
20250323,2025-03-23,2025,3,March,1,Sunday
20250324,2025-03-24,2025,3,March,1,Monday
20250325,2025-03-25,2025,3,March,1,Tuesday
20250326,2025-03-26,2025,3,March,1,Wednesday
20250327,2025-03-27,2025,3,March,1,Thursday
20250328,2025-03-28,2025,3,March,1,Friday
20250329,2025-03-29,2025,3,March,1,Saturday
20250330,2025-03-30,2025,3,March,1,Sunday
20250331,2025-03-31,2025,3,March,1,Monday
20250401,2025-04-01,2025,4,April,2,Tuesday
20250402,2025-04-02,2025,4,April,2,Wednesday
20250403,2025-04-03,2025,4,April,2,Thursday
20250404,2025-04-04,2025,4,April,2,Friday
20250405,2025-04-05,2025,4,April,2,Saturday
20250406,2025-04-06,2025,4,April,2,Sunday
20250407,2025-04-07,2025,4,April,2,Monday
20250408,2025-04-08,2025,4,April,2,Tuesday
20250409,2025-04-09,2025,4,April,2,Wednesday
20250410,2025-04-10,2025,4,April,2,Thursday
20250411,2025-04-11,2025,4,April,2,Friday
20250412,2025-04-12,2025,4,April,2,Saturday
20250413,2025-04-13,2025,4,April,2,Sunday
20250414,2025-04-14,2025,4,April,2,Monday
20250415,2025-04-15,2025,4,April,2,Tuesday
20250416,2025-04-16,2025,4,April,2,Wednesday
20250417,2025-04-17,2025,4,April,2,Thursday
20250418,2025-04-18,2025,4,April,2,Friday
20250419,2025-04-19,2025,4,April,2,Saturday
20250420,2025-04-20,2025,4,April,2,Sunday
20250421,2025-04-21,2025,4,April,2,Monday
20250422,2025-04-22,2025,4,April,2,Tuesday
20250423,2025-04-23,2025,4,April,2,Wednesday
20250424,2025-04-24,2025,4,April,2,Thursday
20250425,2025-04-25,2025,4,April,2,Friday
20250426,2025-04-26,2025,4,April,2,Saturday
20250427,2025-04-27,2025,4,April,2,Sunday
20250428,2025-04-28,2025,4,April,2,Monday
20250429,2025-04-29,2025,4,April,2,Tuesday
20250430,2025-04-30,2025,4,April,2,Wednesday
20250501,2025-05-01,2025,5,May,2,Thursday
20250502,2025-05-02,2025,5,May,2,Friday
20250503,2025-05-03,2025,5,May,2,Saturday
20250504,2025-05-04,2025,5,May,2,Sunday
20250505,2025-05-05,2025,5,May,2,Monday
20250506,2025-05-06,2025,5,May,2,Tuesday
20250507,2025-05-07,2025,5,May,2,Wednesday
20250508,2025-05-08,2025,5,May,2,Thursday
20250509,2025-05-09,2025,5,May,2,Friday
20250510,2025-05-10,2025,5,May,2,Saturday
20250511,2025-05-11,2025,5,May,2,Sunday
20250512,2025-05-12,2025,5,May,2,Monday
20250513,2025-05-13,2025,5,May,2,Tuesday
20250514,2025-05-14,2025,5,May,2,Wednesday
20250515,2025-05-15,2025,5,May,2,Thursday
20250516,2025-05-16,2025,5,May,2,Friday
20250517,2025-05-17,2025,5,May,2,Saturday
20250518,2025-05-18,2025,5,May,2,Sunday
20250519,2025-05-19,2025,5,May,2,Monday
20250520,2025-05-20,2025,5,May,2,Tuesday
20250521,2025-05-21,2025,5,May,2,Wednesday
20250522,2025-05-22,2025,5,May,2,Thursday
20250523,2025-05-23,2025,5,May,2,Friday
20250524,2025-05-24,2025,5,May,2,Saturday
20250525,2025-05-25,2025,5,May,2,Sunday
20250526,2025-05-26,2025,5,May,2,Monday
20250527,2025-05-27,2025,5,May,2,Tuesday
20250528,2025-05-28,2025,5,May,2,Wednesday
20250529,2025-05-29,2025,5,May,2,Thursday
20250530,2025-05-30,2025,5,May,2,Friday
20250531,2025-05-31,2025,5,May,2,Saturday
20250601,2025-06-01,2025,6,June,2,Sunday
20250602,2025-06-02,2025,6,June,2,Monday
20250603,2025-06-03,2025,6,June,2,Tuesday
20250604,2025-06-04,2025,6,June,2,Wednesday
20250605,2025-06-05,2025,6,June,2,Thursday
20250606,2025-06-06,2025,6,June,2,Friday
20250607,2025-06-07,2025,6,June,2,Saturday
20250608,2025-06-08,2025,6,June,2,Sunday
20250609,2025-06-09,2025,6,June,2,Monday
20250610,2025-06-10,2025,6,June,2,Tuesday
20250611,2025-06-11,2025,6,June,2,Wednesday
20250612,2025-06-12,2025,6,June,2,Thursday
20250613,2025-06-13,2025,6,June,2,Friday
20250614,2025-06-14,2025,6,June,2,Saturday
20250615,2025-06-15,2025,6,June,2,Sunday
20250616,2025-06-16,2025,6,June,2,Monday
20250617,2025-06-17,2025,6,June,2,Tuesday
20250618,2025-06-18,2025,6,June,2,Wednesday
20250619,2025-06-19,2025,6,June,2,Thursday
20250620,2025-06-20,2025,6,June,2,Friday
20250621,2025-06-21,2025,6,June,2,Saturday
20250622,2025-06-22,2025,6,June,2,Sunday
20250623,2025-06-23,2025,6,June,2,Monday
20250624,2025-06-24,2025,6,June,2,Tuesday
20250625,2025-06-25,2025,6,June,2,Wednesday
20250626,2025-06-26,2025,6,June,2,Thursday
20250627,2025-06-27,2025,6,June,2,Friday
20250628,2025-06-28,2025,6,June,2,Saturday
20250629,2025-06-29,2025,6,June,2,Sunday
20250630,2025-06-30,2025,6,June,2,Monday
20250701,2025-07-01,2025,7,July,3,Tuesday
20250702,2025-07-02,2025,7,July,3,Wednesday
20250703,2025-07-03,2025,7,July,3,Thursday
20250704,2025-07-04,2025,7,July,3,Friday
20250705,2025-07-05,2025,7,July,3,Saturday
20250706,2025-07-06,2025,7,July,3,Sunday
20250707,2025-07-07,2025,7,July,3,Monday
20250708,2025-07-08,2025,7,July,3,Tuesday
20250709,2025-07-09,2025,7,July,3,Wednesday
20250710,2025-07-10,2025,7,July,3,Thursday
20250711,2025-07-11,2025,7,July,3,Friday
20250712,2025-07-12,2025,7,July,3,Saturday
20250713,2025-07-13,2025,7,July,3,Sunday
20250714,2025-07-14,2025,7,July,3,Monday
20250715,2025-07-15,2025,7,July,3,Tuesday
20250716,2025-07-16,2025,7,July,3,Wednesday
20250717,2025-07-17,2025,7,July,3,Thursday
20250718,2025-07-18,2025,7,July,3,Friday
20250719,2025-07-19,2025,7,July,3,Saturday
20250720,2025-07-20,2025,7,July,3,Sunday
20250721,2025-07-21,2025,7,July,3,Monday
20250722,2025-07-22,2025,7,July,3,Tuesday
20250723,2025-07-23,2025,7,July,3,Wednesday
20250724,2025-07-24,2025,7,July,3,Thursday
20250725,2025-07-25,2025,7,July,3,Friday
20250726,2025-07-26,2025,7,July,3,Saturday
20250727,2025-07-27,2025,7,July,3,Sunday
20250728,2025-07-28,2025,7,July,3,Monday
20250729,2025-07-29,2025,7,July,3,Tuesday
20250730,2025-07-30,2025,7,July,3,Wednesday
20250731,2025-07-31,2025,7,July,3,Thursday
20250801,2025-08-01,2025,8,August,3,Friday
20250802,2025-08-02,2025,8,August,3,Saturday
20250803,2025-08-03,2025,8,August,3,Sunday
20250804,2025-08-04,2025,8,August,3,Monday
20250805,2025-08-05,2025,8,August,3,Tuesday
20250806,2025-08-06,2025,8,August,3,Wednesday
20250807,2025-08-07,2025,8,August,3,Thursday
20250808,2025-08-08,2025,8,August,3,Friday
20250809,2025-08-09,2025,8,August,3,Saturday
20250810,2025-08-10,2025,8,August,3,Sunday
20250811,2025-08-11,2025,8,August,3,Monday
20250812,2025-08-12,2025,8,August,3,Tuesday
20250813,2025-08-13,2025,8,August,3,Wednesday
20250814,2025-08-14,2025,8,August,3,Thursday
20250815,2025-08-15,2025,8,August,3,Friday
20250816,2025-08-16,2025,8,August,3,Saturday
20250817,2025-08-17,2025,8,August,3,Sunday
20250818,2025-08-18,2025,8,August,3,Monday
20250819,2025-08-19,2025,8,August,3,Tuesday
20250820,2025-08-20,2025,8,August,3,Wednesday
20250821,2025-08-21,2025,8,August,3,Thursday
20250822,2025-08-22,2025,8,August,3,Friday
20250823,2025-08-23,2025,8,August,3,Saturday
20250824,2025-08-24,2025,8,August,3,Sunday
20250825,2025-08-25,2025,8,August,3,Monday
20250826,2025-08-26,2025,8,August,3,Tuesday
20250827,2025-08-27,2025,8,August,3,Wednesday
20250828,2025-08-28,2025,8,August,3,Thursday
20250829,2025-08-29,2025,8,August,3,Friday
20250830,2025-08-30,2025,8,August,3,Saturday
20250831,2025-08-31,2025,8,August,3,Sunday
20250901,2025-09-01,2025,9,September,3,Monday
20250902,2025-09-02,2025,9,September,3,Tuesday
20250903,2025-09-03,2025,9,September,3,Wednesday
20250904,2025-09-04,2025,9,September,3,Thursday
20250905,2025-09-05,2025,9,September,3,Friday
20250906,2025-09-06,2025,9,September,3,Saturday
20250907,2025-09-07,2025,9,September,3,Sunday
20250908,2025-09-08,2025,9,September,3,Monday
20250909,2025-09-09,2025,9,September,3,Tuesday
20250910,2025-09-10,2025,9,September,3,Wednesday
20250911,2025-09-11,2025,9,September,3,Thursday
20250912,2025-09-12,2025,9,September,3,Friday
20250913,2025-09-13,2025,9,September,3,Saturday
20250914,2025-09-14,2025,9,September,3,Sunday
20250915,2025-09-15,2025,9,September,3,Monday
20250916,2025-09-16,2025,9,September,3,Tuesday
20250917,2025-09-17,2025,9,September,3,Wednesday
20250918,2025-09-18,2025,9,September,3,Thursday
20250919,2025-09-19,2025,9,September,3,Friday
20250920,2025-09-20,2025,9,September,3,Saturday
20250921,2025-09-21,2025,9,September,3,Sunday
20250922,2025-09-22,2025,9,September,3,Monday
20250923,2025-09-23,2025,9,September,3,Tuesday
20250924,2025-09-24,2025,9,September,3,Wednesday
20250925,2025-09-25,2025,9,September,3,Thursday
20250926,2025-09-26,2025,9,September,3,Friday
20250927,2025-09-27,2025,9,September,3,Saturday
20250928,2025-09-28,2025,9,September,3,Sunday
20250929,2025-09-29,2025,9,September,3,Monday
20250930,2025-09-30,2025,9,September,3,Tuesday
20251001,2025-10-01,2025,10,October,4,Wednesday
20251002,2025-10-02,2025,10,October,4,Thursday
20251003,2025-10-03,2025,10,October,4,Friday
20251004,2025-10-04,2025,10,October,4,Saturday
20251005,2025-10-05,2025,10,October,4,Sunday
20251006,2025-10-06,2025,10,October,4,Monday
20251007,2025-10-07,2025,10,October,4,Tuesday
20251008,2025-10-08,2025,10,October,4,Wednesday
20251009,2025-10-09,2025,10,October,4,Thursday
20251010,2025-10-10,2025,10,October,4,Friday
20251011,2025-10-11,2025,10,October,4,Saturday
20251012,2025-10-12,2025,10,October,4,Sunday
20251013,2025-10-13,2025,10,October,4,Monday
20251014,2025-10-14,2025,10,October,4,Tuesday
20251015,2025-10-15,2025,10,October,4,Wednesday
20251016,2025-10-16,2025,10,October,4,Thursday
20251017,2025-10-17,2025,10,October,4,Friday
20251018,2025-10-18,2025,10,October,4,Saturday
20251019,2025-10-19,2025,10,October,4,Sunday
20251020,2025-10-20,2025,10,October,4,Monday
20251021,2025-10-21,2025,10,October,4,Tuesday
20251022,2025-10-22,2025,10,October,4,Wednesday
20251023,2025-10-23,2025,10,October,4,Thursday
20251024,2025-10-24,2025,10,October,4,Friday
20251025,2025-10-25,2025,10,October,4,Saturday
20251026,2025-10-26,2025,10,October,4,Sunday
20251027,2025-10-27,2025,10,October,4,Monday
20251028,2025-10-28,2025,10,October,4,Tuesday
20251029,2025-10-29,2025,10,October,4,Wednesday
20251030,2025-10-30,2025,10,October,4,Thursday
20251031,2025-10-31,2025,10,October,4,Friday
20251101,2025-11-01,2025,11,November,4,Saturday
20251102,2025-11-02,2025,11,November,4,Sunday
20251103,2025-11-03,2025,11,November,4,Monday
20251104,2025-11-04,2025,11,November,4,Tuesday
20251105,2025-11-05,2025,11,November,4,Wednesday
20251106,2025-11-06,2025,11,November,4,Thursday
20251107,2025-11-07,2025,11,November,4,Friday
20251108,2025-11-08,2025,11,November,4,Saturday
20251109,2025-11-09,2025,11,November,4,Sunday
20251110,2025-11-10,2025,11,November,4,Monday
20251111,2025-11-11,2025,11,November,4,Tuesday
20251112,2025-11-12,2025,11,November,4,Wednesday
20251113,2025-11-13,2025,11,November,4,Thursday
20251114,2025-11-14,2025,11,November,4,Friday
20251115,2025-11-15,2025,11,November,4,Saturday
20251116,2025-11-16,2025,11,November,4,Sunday
20251117,2025-11-17,2025,11,November,4,Monday
20251118,2025-11-18,2025,11,November,4,Tuesday
20251119,2025-11-19,2025,11,November,4,Wednesday
20251120,2025-11-20,2025,11,November,4,Thursday
20251121,2025-11-21,2025,11,November,4,Friday
20251122,2025-11-22,2025,11,November,4,Saturday
20251123,2025-11-23,2025,11,November,4,Sunday
20251124,2025-11-24,2025,11,November,4,Monday
20251125,2025-11-25,2025,11,November,4,Tuesday
20251126,2025-11-26,2025,11,November,4,Wednesday
20251127,2025-11-27,2025,11,November,4,Thursday
20251128,2025-11-28,2025,11,November,4,Friday
20251129,2025-11-29,2025,11,November,4,Saturday
20251130,2025-11-30,2025,11,November,4,Sunday
20251201,2025-12-01,2025,12,December,4,Monday
20251202,2025-12-02,2025,12,December,4,Tuesday
20251203,2025-12-03,2025,12,December,4,Wednesday
20251204,2025-12-04,2025,12,December,4,Thursday
20251205,2025-12-05,2025,12,December,4,Friday
20251206,2025-12-06,2025,12,December,4,Saturday
20251207,2025-12-07,2025,12,December,4,Sunday
20251208,2025-12-08,2025,12,December,4,Monday
20251209,2025-12-09,2025,12,December,4,Tuesday
20251210,2025-12-10,2025,12,December,4,Wednesday
20251211,2025-12-11,2025,12,December,4,Thursday
20251212,2025-12-12,2025,12,December,4,Friday
20251213,2025-12-13,2025,12,December,4,Saturday
20251214,2025-12-14,2025,12,December,4,Sunday
20251215,2025-12-15,2025,12,December,4,Monday
20251216,2025-12-16,2025,12,December,4,Tuesday
20251217,2025-12-17,2025,12,December,4,Wednesday
20251218,2025-12-18,2025,12,December,4,Thursday
20251219,2025-12-19,2025,12,December,4,Friday
20251220,2025-12-20,2025,12,December,4,Saturday
20251221,2025-12-21,2025,12,December,4,Sunday
20251222,2025-12-22,2025,12,December,4,Monday
20251223,2025-12-23,2025,12,December,4,Tuesday
20251224,2025-12-24,2025,12,December,4,Wednesday
20251225,2025-12-25,2025,12,December,4,Thursday
20251226,2025-12-26,2025,12,December,4,Friday
20251227,2025-12-27,2025,12,December,4,Saturday
20251228,2025-12-28,2025,12,December,4,Sunday
20251229,2025-12-29,2025,12,December,4,Monday
20251230,2025-12-30,2025,12,December,4,Tuesday
20251231,2025-12-31,2025,12,December,4,Wednesday
20260101,2026-01-01,2026,1,January,1,Thursday
20260102,2026-01-02,2026,1,January,1,Friday
20260103,2026-01-03,2026,1,January,1,Saturday
20260104,2026-01-04,2026,1,January,1,Sunday
20260105,2026-01-05,2026,1,January,1,Monday
20260106,2026-01-06,2026,1,January,1,Tuesday
20260107,2026-01-07,2026,1,January,1,Wednesday
20260108,2026-01-08,2026,1,January,1,Thursday
20260109,2026-01-09,2026,1,January,1,Friday
20260110,2026-01-10,2026,1,January,1,Saturday
20260111,2026-01-11,2026,1,January,1,Sunday
20260112,2026-01-12,2026,1,January,1,Monday
20260113,2026-01-13,2026,1,January,1,Tuesday
20260114,2026-01-14,2026,1,January,1,Wednesday
20260115,2026-01-15,2026,1,January,1,Thursday
20260116,2026-01-16,2026,1,January,1,Friday
20260117,2026-01-17,2026,1,January,1,Saturday
20260118,2026-01-18,2026,1,January,1,Sunday
20260119,2026-01-19,2026,1,January,1,Monday
20260120,2026-01-20,2026,1,January,1,Tuesday
20260121,2026-01-21,2026,1,January,1,Wednesday
20260122,2026-01-22,2026,1,January,1,Thursday
20260123,2026-01-23,2026,1,January,1,Friday
20260124,2026-01-24,2026,1,January,1,Saturday
20260125,2026-01-25,2026,1,January,1,Sunday
20260126,2026-01-26,2026,1,January,1,Monday
20260127,2026-01-27,2026,1,January,1,Tuesday
20260128,2026-01-28,2026,1,January,1,Wednesday
20260129,2026-01-29,2026,1,January,1,Thursday
20260130,2026-01-30,2026,1,January,1,Friday
20260131,2026-01-31,2026,1,January,1,Saturday
20260201,2026-02-01,2026,2,February,1,Sunday
20260202,2026-02-02,2026,2,February,1,Monday
20260203,2026-02-03,2026,2,February,1,Tuesday
20260204,2026-02-04,2026,2,February,1,Wednesday
20260205,2026-02-05,2026,2,February,1,Thursday
20260206,2026-02-06,2026,2,February,1,Friday
20260207,2026-02-07,2026,2,February,1,Saturday
20260208,2026-02-08,2026,2,February,1,Sunday
20260209,2026-02-09,2026,2,February,1,Monday
20260210,2026-02-10,2026,2,February,1,Tuesday
20260211,2026-02-11,2026,2,February,1,Wednesday
20260212,2026-02-12,2026,2,February,1,Thursday
20260213,2026-02-13,2026,2,February,1,Friday
20260214,2026-02-14,2026,2,February,1,Saturday
20260215,2026-02-15,2026,2,February,1,Sunday
20260216,2026-02-16,2026,2,February,1,Monday
20260217,2026-02-17,2026,2,February,1,Tuesday
20260218,2026-02-18,2026,2,February,1,Wednesday
20260219,2026-02-19,2026,2,February,1,Thursday
20260220,2026-02-20,2026,2,February,1,Friday
20260221,2026-02-21,2026,2,February,1,Saturday
20260222,2026-02-22,2026,2,February,1,Sunday
20260223,2026-02-23,2026,2,February,1,Monday
20260224,2026-02-24,2026,2,February,1,Tuesday
20260225,2026-02-25,2026,2,February,1,Wednesday
20260226,2026-02-26,2026,2,February,1,Thursday
20260227,2026-02-27,2026,2,February,1,Friday
20260228,2026-02-28,2026,2,February,1,Saturday
20260301,2026-03-01,2026,3,March,1,Sunday
20260302,2026-03-02,2026,3,March,1,Monday
20260303,2026-03-03,2026,3,March,1,Tuesday
20260304,2026-03-04,2026,3,March,1,Wednesday
20260305,2026-03-05,2026,3,March,1,Thursday
20260306,2026-03-06,2026,3,March,1,Friday
20260307,2026-03-07,2026,3,March,1,Saturday
20260308,2026-03-08,2026,3,March,1,Sunday
20260309,2026-03-09,2026,3,March,1,Monday
20260310,2026-03-10,2026,3,March,1,Tuesday
20260311,2026-03-11,2026,3,March,1,Wednesday
20260312,2026-03-12,2026,3,March,1,Thursday
20260313,2026-03-13,2026,3,March,1,Friday
20260314,2026-03-14,2026,3,March,1,Saturday
20260315,2026-03-15,2026,3,March,1,Sunday
20260316,2026-03-16,2026,3,March,1,Monday
20260317,2026-03-17,2026,3,March,1,Tuesday
20260318,2026-03-18,2026,3,March,1,Wednesday
20260319,2026-03-19,2026,3,March,1,Thursday
20260320,2026-03-20,2026,3,March,1,Friday
20260321,2026-03-21,2026,3,March,1,Saturday
20260322,2026-03-22,2026,3,March,1,Sunday
20260323,2026-03-23,2026,3,March,1,Monday
20260324,2026-03-24,2026,3,March,1,Tuesday
20260325,2026-03-25,2026,3,March,1,Wednesday
20260326,2026-03-26,2026,3,March,1,Thursday
20260327,2026-03-27,2026,3,March,1,Friday
20260328,2026-03-28,2026,3,March,1,Saturday
20260329,2026-03-29,2026,3,March,1,Sunday
20260330,2026-03-30,2026,3,March,1,Monday
20260331,2026-03-31,2026,3,March,1,Tuesday
20260401,2026-04-01,2026,4,April,2,Wednesday
20260402,2026-04-02,2026,4,April,2,Thursday
20260403,2026-04-03,2026,4,April,2,Friday
20260404,2026-04-04,2026,4,April,2,Saturday
20260405,2026-04-05,2026,4,April,2,Sunday
20260406,2026-04-06,2026,4,April,2,Monday
20260407,2026-04-07,2026,4,April,2,Tuesday
20260408,2026-04-08,2026,4,April,2,Wednesday
20260409,2026-04-09,2026,4,April,2,Thursday
20260410,2026-04-10,2026,4,April,2,Friday
20260411,2026-04-11,2026,4,April,2,Saturday
20260412,2026-04-12,2026,4,April,2,Sunday
20260413,2026-04-13,2026,4,April,2,Monday
20260414,2026-04-14,2026,4,April,2,Tuesday
20260415,2026-04-15,2026,4,April,2,Wednesday
20260416,2026-04-16,2026,4,April,2,Thursday
20260417,2026-04-17,2026,4,April,2,Friday
20260418,2026-04-18,2026,4,April,2,Saturday
20260419,2026-04-19,2026,4,April,2,Sunday
20260420,2026-04-20,2026,4,April,2,Monday
20260421,2026-04-21,2026,4,April,2,Tuesday
20260422,2026-04-22,2026,4,April,2,Wednesday
20260423,2026-04-23,2026,4,April,2,Thursday
20260424,2026-04-24,2026,4,April,2,Friday
20260425,2026-04-25,2026,4,April,2,Saturday
20260426,2026-04-26,2026,4,April,2,Sunday
20260427,2026-04-27,2026,4,April,2,Monday
20260428,2026-04-28,2026,4,April,2,Tuesday
20260429,2026-04-29,2026,4,April,2,Wednesday
20260430,2026-04-30,2026,4,April,2,Thursday
20260501,2026-05-01,2026,5,May,2,Friday
20260502,2026-05-02,2026,5,May,2,Saturday
20260503,2026-05-03,2026,5,May,2,Sunday
20260504,2026-05-04,2026,5,May,2,Monday
20260505,2026-05-05,2026,5,May,2,Tuesday
20260506,2026-05-06,2026,5,May,2,Wednesday
20260507,2026-05-07,2026,5,May,2,Thursday
20260508,2026-05-08,2026,5,May,2,Friday
20260509,2026-05-09,2026,5,May,2,Saturday
20260510,2026-05-10,2026,5,May,2,Sunday
20260511,2026-05-11,2026,5,May,2,Monday
20260512,2026-05-12,2026,5,May,2,Tuesday
20260513,2026-05-13,2026,5,May,2,Wednesday
20260514,2026-05-14,2026,5,May,2,Thursday
20260515,2026-05-15,2026,5,May,2,Friday
20260516,2026-05-16,2026,5,May,2,Saturday
20260517,2026-05-17,2026,5,May,2,Sunday
20260518,2026-05-18,2026,5,May,2,Monday
20260519,2026-05-19,2026,5,May,2,Tuesday
20260520,2026-05-20,2026,5,May,2,Wednesday
20260521,2026-05-21,2026,5,May,2,Thursday
20260522,2026-05-22,2026,5,May,2,Friday
20260523,2026-05-23,2026,5,May,2,Saturday
20260524,2026-05-24,2026,5,May,2,Sunday
20260525,2026-05-25,2026,5,May,2,Monday
20260526,2026-05-26,2026,5,May,2,Tuesday
20260527,2026-05-27,2026,5,May,2,Wednesday
20260528,2026-05-28,2026,5,May,2,Thursday
20260529,2026-05-29,2026,5,May,2,Friday
20260530,2026-05-30,2026,5,May,2,Saturday
20260531,2026-05-31,2026,5,May,2,Sunday
20260601,2026-06-01,2026,6,June,2,Monday
20260602,2026-06-02,2026,6,June,2,Tuesday
20260603,2026-06-03,2026,6,June,2,Wednesday
20260604,2026-06-04,2026,6,June,2,Thursday
20260605,2026-06-05,2026,6,June,2,Friday
20260606,2026-06-06,2026,6,June,2,Saturday
20260607,2026-06-07,2026,6,June,2,Sunday
20260608,2026-06-08,2026,6,June,2,Monday
20260609,2026-06-09,2026,6,June,2,Tuesday
20260610,2026-06-10,2026,6,June,2,Wednesday
20260611,2026-06-11,2026,6,June,2,Thursday
20260612,2026-06-12,2026,6,June,2,Friday
20260613,2026-06-13,2026,6,June,2,Saturday
20260614,2026-06-14,2026,6,June,2,Sunday
20260615,2026-06-15,2026,6,June,2,Monday
20260616,2026-06-16,2026,6,June,2,Tuesday
20260617,2026-06-17,2026,6,June,2,Wednesday
20260618,2026-06-18,2026,6,June,2,Thursday
20260619,2026-06-19,2026,6,June,2,Friday
20260620,2026-06-20,2026,6,June,2,Saturday
20260621,2026-06-21,2026,6,June,2,Sunday
20260622,2026-06-22,2026,6,June,2,Monday
20260623,2026-06-23,2026,6,June,2,Tuesday
20260624,2026-06-24,2026,6,June,2,Wednesday
20260625,2026-06-25,2026,6,June,2,Thursday
20260626,2026-06-26,2026,6,June,2,Friday
20260627,2026-06-27,2026,6,June,2,Saturday
20260628,2026-06-28,2026,6,June,2,Sunday
20260629,2026-06-29,2026,6,June,2,Monday
20260630,2026-06-30,2026,6,June,2,Tuesday
20260701,2026-07-01,2026,7,July,3,Wednesday
20260702,2026-07-02,2026,7,July,3,Thursday
20260703,2026-07-03,2026,7,July,3,Friday
20260704,2026-07-04,2026,7,July,3,Saturday
20260705,2026-07-05,2026,7,July,3,Sunday
20260706,2026-07-06,2026,7,July,3,Monday
20260707,2026-07-07,2026,7,July,3,Tuesday
20260708,2026-07-08,2026,7,July,3,Wednesday
20260709,2026-07-09,2026,7,July,3,Thursday
20260710,2026-07-10,2026,7,July,3,Friday
20260711,2026-07-11,2026,7,July,3,Saturday
20260712,2026-07-12,2026,7,July,3,Sunday
20260713,2026-07-13,2026,7,July,3,Monday
20260714,2026-07-14,2026,7,July,3,Tuesday
20260715,2026-07-15,2026,7,July,3,Wednesday
20260716,2026-07-16,2026,7,July,3,Thursday
20260717,2026-07-17,2026,7,July,3,Friday
20260718,2026-07-18,2026,7,July,3,Saturday
20260719,2026-07-19,2026,7,July,3,Sunday
20260720,2026-07-20,2026,7,July,3,Monday
20260721,2026-07-21,2026,7,July,3,Tuesday
20260722,2026-07-22,2026,7,July,3,Wednesday
20260723,2026-07-23,2026,7,July,3,Thursday
20260724,2026-07-24,2026,7,July,3,Friday
20260725,2026-07-25,2026,7,July,3,Saturday
20260726,2026-07-26,2026,7,July,3,Sunday
20260727,2026-07-27,2026,7,July,3,Monday
20260728,2026-07-28,2026,7,July,3,Tuesday
20260729,2026-07-29,2026,7,July,3,Wednesday
20260730,2026-07-30,2026,7,July,3,Thursday
20260731,2026-07-31,2026,7,July,3,Friday
20260801,2026-08-01,2026,8,August,3,Saturday
20260802,2026-08-02,2026,8,August,3,Sunday
20260803,2026-08-03,2026,8,August,3,Monday
20260804,2026-08-04,2026,8,August,3,Tuesday
20260805,2026-08-05,2026,8,August,3,Wednesday
20260806,2026-08-06,2026,8,August,3,Thursday
20260807,2026-08-07,2026,8,August,3,Friday
20260808,2026-08-08,2026,8,August,3,Saturday
20260809,2026-08-09,2026,8,August,3,Sunday
20260810,2026-08-10,2026,8,August,3,Monday
20260811,2026-08-11,2026,8,August,3,Tuesday
20260812,2026-08-12,2026,8,August,3,Wednesday
20260813,2026-08-13,2026,8,August,3,Thursday
20260814,2026-08-14,2026,8,August,3,Friday
20260815,2026-08-15,2026,8,August,3,Saturday
20260816,2026-08-16,2026,8,August,3,Sunday
20260817,2026-08-17,2026,8,August,3,Monday
20260818,2026-08-18,2026,8,August,3,Tuesday
20260819,2026-08-19,2026,8,August,3,Wednesday
20260820,2026-08-20,2026,8,August,3,Thursday
20260821,2026-08-21,2026,8,August,3,Friday
20260822,2026-08-22,2026,8,August,3,Saturday
20260823,2026-08-23,2026,8,August,3,Sunday
20260824,2026-08-24,2026,8,August,3,Monday
20260825,2026-08-25,2026,8,August,3,Tuesday
20260826,2026-08-26,2026,8,August,3,Wednesday
20260827,2026-08-27,2026,8,August,3,Thursday
20260828,2026-08-28,2026,8,August,3,Friday
20260829,2026-08-29,2026,8,August,3,Saturday
20260830,2026-08-30,2026,8,August,3,Sunday
20260831,2026-08-31,2026,8,August,3,Monday
20260901,2026-09-01,2026,9,September,3,Tuesday
20260902,2026-09-02,2026,9,September,3,Wednesday
20260903,2026-09-03,2026,9,September,3,Thursday
20260904,2026-09-04,2026,9,September,3,Friday
20260905,2026-09-05,2026,9,September,3,Saturday
20260906,2026-09-06,2026,9,September,3,Sunday
20260907,2026-09-07,2026,9,September,3,Monday
20260908,2026-09-08,2026,9,September,3,Tuesday
20260909,2026-09-09,2026,9,September,3,Wednesday
20260910,2026-09-10,2026,9,September,3,Thursday
20260911,2026-09-11,2026,9,September,3,Friday
20260912,2026-09-12,2026,9,September,3,Saturday
20260913,2026-09-13,2026,9,September,3,Sunday
20260914,2026-09-14,2026,9,September,3,Monday
20260915,2026-09-15,2026,9,September,3,Tuesday
20260916,2026-09-16,2026,9,September,3,Wednesday
20260917,2026-09-17,2026,9,September,3,Thursday
20260918,2026-09-18,2026,9,September,3,Friday
20260919,2026-09-19,2026,9,September,3,Saturday
20260920,2026-09-20,2026,9,September,3,Sunday
20260921,2026-09-21,2026,9,September,3,Monday
20260922,2026-09-22,2026,9,September,3,Tuesday
20260923,2026-09-23,2026,9,September,3,Wednesday
20260924,2026-09-24,2026,9,September,3,Thursday
20260925,2026-09-25,2026,9,September,3,Friday
20260926,2026-09-26,2026,9,September,3,Saturday
20260927,2026-09-27,2026,9,September,3,Sunday
20260928,2026-09-28,2026,9,September,3,Monday
20260929,2026-09-29,2026,9,September,3,Tuesday
20260930,2026-09-30,2026,9,September,3,Wednesday
20261001,2026-10-01,2026,10,October,4,Thursday
20261002,2026-10-02,2026,10,October,4,Friday
20261003,2026-10-03,2026,10,October,4,Saturday
20261004,2026-10-04,2026,10,October,4,Sunday
20261005,2026-10-05,2026,10,October,4,Monday
20261006,2026-10-06,2026,10,October,4,Tuesday
20261007,2026-10-07,2026,10,October,4,Wednesday
20261008,2026-10-08,2026,10,October,4,Thursday
20261009,2026-10-09,2026,10,October,4,Friday
20261010,2026-10-10,2026,10,October,4,Saturday
20261011,2026-10-11,2026,10,October,4,Sunday
20261012,2026-10-12,2026,10,October,4,Monday
20261013,2026-10-13,2026,10,October,4,Tuesday
20261014,2026-10-14,2026,10,October,4,Wednesday
20261015,2026-10-15,2026,10,October,4,Thursday
20261016,2026-10-16,2026,10,October,4,Friday
20261017,2026-10-17,2026,10,October,4,Saturday
20261018,2026-10-18,2026,10,October,4,Sunday
20261019,2026-10-19,2026,10,October,4,Monday
20261020,2026-10-20,2026,10,October,4,Tuesday
20261021,2026-10-21,2026,10,October,4,Wednesday
20261022,2026-10-22,2026,10,October,4,Thursday
20261023,2026-10-23,2026,10,October,4,Friday
20261024,2026-10-24,2026,10,October,4,Saturday
20261025,2026-10-25,2026,10,October,4,Sunday
20261026,2026-10-26,2026,10,October,4,Monday
20261027,2026-10-27,2026,10,October,4,Tuesday
20261028,2026-10-28,2026,10,October,4,Wednesday
20261029,2026-10-29,2026,10,October,4,Thursday
20261030,2026-10-30,2026,10,October,4,Friday
20261031,2026-10-31,2026,10,October,4,Saturday
20261101,2026-11-01,2026,11,November,4,Sunday
20261102,2026-11-02,2026,11,November,4,Monday
20261103,2026-11-03,2026,11,November,4,Tuesday
20261104,2026-11-04,2026,11,November,4,Wednesday
20261105,2026-11-05,2026,11,November,4,Thursday
20261106,2026-11-06,2026,11,November,4,Friday
20261107,2026-11-07,2026,11,November,4,Saturday
20261108,2026-11-08,2026,11,November,4,Sunday
20261109,2026-11-09,2026,11,November,4,Monday
20261110,2026-11-10,2026,11,November,4,Tuesday
20261111,2026-11-11,2026,11,November,4,Wednesday
20261112,2026-11-12,2026,11,November,4,Thursday
20261113,2026-11-13,2026,11,November,4,Friday
20261114,2026-11-14,2026,11,November,4,Saturday
20261115,2026-11-15,2026,11,November,4,Sunday
20261116,2026-11-16,2026,11,November,4,Monday
20261117,2026-11-17,2026,11,November,4,Tuesday
20261118,2026-11-18,2026,11,November,4,Wednesday
20261119,2026-11-19,2026,11,November,4,Thursday
20261120,2026-11-20,2026,11,November,4,Friday
20261121,2026-11-21,2026,11,November,4,Saturday
20261122,2026-11-22,2026,11,November,4,Sunday
20261123,2026-11-23,2026,11,November,4,Monday
20261124,2026-11-24,2026,11,November,4,Tuesday
20261125,2026-11-25,2026,11,November,4,Wednesday
20261126,2026-11-26,2026,11,November,4,Thursday
20261127,2026-11-27,2026,11,November,4,Friday
20261128,2026-11-28,2026,11,November,4,Saturday
20261129,2026-11-29,2026,11,November,4,Sunday
20261130,2026-11-30,2026,11,November,4,Monday
20261201,2026-12-01,2026,12,December,4,Tuesday
20261202,2026-12-02,2026,12,December,4,Wednesday
20261203,2026-12-03,2026,12,December,4,Thursday
20261204,2026-12-04,2026,12,December,4,Friday
20261205,2026-12-05,2026,12,December,4,Saturday
20261206,2026-12-06,2026,12,December,4,Sunday
20261207,2026-12-07,2026,12,December,4,Monday
20261208,2026-12-08,2026,12,December,4,Tuesday
20261209,2026-12-09,2026,12,December,4,Wednesday
20261210,2026-12-10,2026,12,December,4,Thursday
20261211,2026-12-11,2026,12,December,4,Friday
20261212,2026-12-12,2026,12,December,4,Saturday
20261213,2026-12-13,2026,12,December,4,Sunday
20261214,2026-12-14,2026,12,December,4,Monday
20261215,2026-12-15,2026,12,December,4,Tuesday
20261216,2026-12-16,2026,12,December,4,Wednesday
20261217,2026-12-17,2026,12,December,4,Thursday
20261218,2026-12-18,2026,12,December,4,Friday
20261219,2026-12-19,2026,12,December,4,Saturday
20261220,2026-12-20,2026,12,December,4,Sunday
20261221,2026-12-21,2026,12,December,4,Monday
20261222,2026-12-22,2026,12,December,4,Tuesday
20261223,2026-12-23,2026,12,December,4,Wednesday
20261224,2026-12-24,2026,12,December,4,Thursday
20261225,2026-12-25,2026,12,December,4,Friday
20261226,2026-12-26,2026,12,December,4,Saturday
20261227,2026-12-27,2026,12,December,4,Sunday
20261228,2026-12-28,2026,12,December,4,Monday
20261229,2026-12-29,2026,12,December,4,Tuesday
20261230,2026-12-30,2026,12,December,4,Wednesday
20261231,2026-12-31,2026,12,December,4,Thursday
20270101,2027-01-01,2027,1,January,1,Friday
20270102,2027-01-02,2027,1,January,1,Saturday
20270103,2027-01-03,2027,1,January,1,Sunday
20270104,2027-01-04,2027,1,January,1,Monday
20270105,2027-01-05,2027,1,January,1,Tuesday
20270106,2027-01-06,2027,1,January,1,Wednesday
20270107,2027-01-07,2027,1,January,1,Thursday
20270108,2027-01-08,2027,1,January,1,Friday
20270109,2027-01-09,2027,1,January,1,Saturday
20270110,2027-01-10,2027,1,January,1,Sunday
20270111,2027-01-11,2027,1,January,1,Monday
20270112,2027-01-12,2027,1,January,1,Tuesday
20270113,2027-01-13,2027,1,January,1,Wednesday
20270114,2027-01-14,2027,1,January,1,Thursday
20270115,2027-01-15,2027,1,January,1,Friday
20270116,2027-01-16,2027,1,January,1,Saturday
20270117,2027-01-17,2027,1,January,1,Sunday
20270118,2027-01-18,2027,1,January,1,Monday
20270119,2027-01-19,2027,1,January,1,Tuesday
20270120,2027-01-20,2027,1,January,1,Wednesday
20270121,2027-01-21,2027,1,January,1,Thursday
20270122,2027-01-22,2027,1,January,1,Friday
20270123,2027-01-23,2027,1,January,1,Saturday
20270124,2027-01-24,2027,1,January,1,Sunday
20270125,2027-01-25,2027,1,January,1,Monday
20270126,2027-01-26,2027,1,January,1,Tuesday
20270127,2027-01-27,2027,1,January,1,Wednesday
20270128,2027-01-28,2027,1,January,1,Thursday
20270129,2027-01-29,2027,1,January,1,Friday
20270130,2027-01-30,2027,1,January,1,Saturday
20270131,2027-01-31,2027,1,January,1,Sunday
20270201,2027-02-01,2027,2,February,1,Monday
20270202,2027-02-02,2027,2,February,1,Tuesday
20270203,2027-02-03,2027,2,February,1,Wednesday
20270204,2027-02-04,2027,2,February,1,Thursday
20270205,2027-02-05,2027,2,February,1,Friday
20270206,2027-02-06,2027,2,February,1,Saturday
20270207,2027-02-07,2027,2,February,1,Sunday
20270208,2027-02-08,2027,2,February,1,Monday
20270209,2027-02-09,2027,2,February,1,Tuesday
20270210,2027-02-10,2027,2,February,1,Wednesday
20270211,2027-02-11,2027,2,February,1,Thursday
20270212,2027-02-12,2027,2,February,1,Friday
20270213,2027-02-13,2027,2,February,1,Saturday
20270214,2027-02-14,2027,2,February,1,Sunday
20270215,2027-02-15,2027,2,February,1,Monday
20270216,2027-02-16,2027,2,February,1,Tuesday
20270217,2027-02-17,2027,2,February,1,Wednesday
20270218,2027-02-18,2027,2,February,1,Thursday
20270219,2027-02-19,2027,2,February,1,Friday
20270220,2027-02-20,2027,2,February,1,Saturday
20270221,2027-02-21,2027,2,February,1,Sunday
20270222,2027-02-22,2027,2,February,1,Monday
20270223,2027-02-23,2027,2,February,1,Tuesday
20270224,2027-02-24,2027,2,February,1,Wednesday
20270225,2027-02-25,2027,2,February,1,Thursday
20270226,2027-02-26,2027,2,February,1,Friday
20270227,2027-02-27,2027,2,February,1,Saturday
20270228,2027-02-28,2027,2,February,1,Sunday
20270301,2027-03-01,2027,3,March,1,Monday
20270302,2027-03-02,2027,3,March,1,Tuesday
20270303,2027-03-03,2027,3,March,1,Wednesday
20270304,2027-03-04,2027,3,March,1,Thursday
20270305,2027-03-05,2027,3,March,1,Friday
20270306,2027-03-06,2027,3,March,1,Saturday
20270307,2027-03-07,2027,3,March,1,Sunday
20270308,2027-03-08,2027,3,March,1,Monday
20270309,2027-03-09,2027,3,March,1,Tuesday
20270310,2027-03-10,2027,3,March,1,Wednesday
20270311,2027-03-11,2027,3,March,1,Thursday
20270312,2027-03-12,2027,3,March,1,Friday
20270313,2027-03-13,2027,3,March,1,Saturday
20270314,2027-03-14,2027,3,March,1,Sunday
20270315,2027-03-15,2027,3,March,1,Monday
20270316,2027-03-16,2027,3,March,1,Tuesday
20270317,2027-03-17,2027,3,March,1,Wednesday
20270318,2027-03-18,2027,3,March,1,Thursday
20270319,2027-03-19,2027,3,March,1,Friday
20270320,2027-03-20,2027,3,March,1,Saturday
20270321,2027-03-21,2027,3,March,1,Sunday
20270322,2027-03-22,2027,3,March,1,Monday
20270323,2027-03-23,2027,3,March,1,Tuesday
20270324,2027-03-24,2027,3,March,1,Wednesday
20270325,2027-03-25,2027,3,March,1,Thursday
20270326,2027-03-26,2027,3,March,1,Friday
20270327,2027-03-27,2027,3,March,1,Saturday
20270328,2027-03-28,2027,3,March,1,Sunday
20270329,2027-03-29,2027,3,March,1,Monday
20270330,2027-03-30,2027,3,March,1,Tuesday
20270331,2027-03-31,2027,3,March,1,Wednesday
20270401,2027-04-01,2027,4,April,2,Thursday
20270402,2027-04-02,2027,4,April,2,Friday
20270403,2027-04-03,2027,4,April,2,Saturday
20270404,2027-04-04,2027,4,April,2,Sunday
20270405,2027-04-05,2027,4,April,2,Monday
20270406,2027-04-06,2027,4,April,2,Tuesday
20270407,2027-04-07,2027,4,April,2,Wednesday
20270408,2027-04-08,2027,4,April,2,Thursday
20270409,2027-04-09,2027,4,April,2,Friday
20270410,2027-04-10,2027,4,April,2,Saturday
20270411,2027-04-11,2027,4,April,2,Sunday
20270412,2027-04-12,2027,4,April,2,Monday
20270413,2027-04-13,2027,4,April,2,Tuesday
20270414,2027-04-14,2027,4,April,2,Wednesday
20270415,2027-04-15,2027,4,April,2,Thursday
20270416,2027-04-16,2027,4,April,2,Friday
20270417,2027-04-17,2027,4,April,2,Saturday
20270418,2027-04-18,2027,4,April,2,Sunday
20270419,2027-04-19,2027,4,April,2,Monday
20270420,2027-04-20,2027,4,April,2,Tuesday
20270421,2027-04-21,2027,4,April,2,Wednesday
20270422,2027-04-22,2027,4,April,2,Thursday
20270423,2027-04-23,2027,4,April,2,Friday
20270424,2027-04-24,2027,4,April,2,Saturday
20270425,2027-04-25,2027,4,April,2,Sunday
20270426,2027-04-26,2027,4,April,2,Monday
20270427,2027-04-27,2027,4,April,2,Tuesday
20270428,2027-04-28,2027,4,April,2,Wednesday
20270429,2027-04-29,2027,4,April,2,Thursday
20270430,2027-04-30,2027,4,April,2,Friday
20270501,2027-05-01,2027,5,May,2,Saturday
20270502,2027-05-02,2027,5,May,2,Sunday
20270503,2027-05-03,2027,5,May,2,Monday
20270504,2027-05-04,2027,5,May,2,Tuesday
20270505,2027-05-05,2027,5,May,2,Wednesday
20270506,2027-05-06,2027,5,May,2,Thursday
20270507,2027-05-07,2027,5,May,2,Friday
20270508,2027-05-08,2027,5,May,2,Saturday
20270509,2027-05-09,2027,5,May,2,Sunday
20270510,2027-05-10,2027,5,May,2,Monday
20270511,2027-05-11,2027,5,May,2,Tuesday
20270512,2027-05-12,2027,5,May,2,Wednesday
20270513,2027-05-13,2027,5,May,2,Thursday
20270514,2027-05-14,2027,5,May,2,Friday
20270515,2027-05-15,2027,5,May,2,Saturday
20270516,2027-05-16,2027,5,May,2,Sunday
20270517,2027-05-17,2027,5,May,2,Monday
20270518,2027-05-18,2027,5,May,2,Tuesday
20270519,2027-05-19,2027,5,May,2,Wednesday
20270520,2027-05-20,2027,5,May,2,Thursday
20270521,2027-05-21,2027,5,May,2,Friday
20270522,2027-05-22,2027,5,May,2,Saturday
20270523,2027-05-23,2027,5,May,2,Sunday
20270524,2027-05-24,2027,5,May,2,Monday
20270525,2027-05-25,2027,5,May,2,Tuesday
20270526,2027-05-26,2027,5,May,2,Wednesday
20270527,2027-05-27,2027,5,May,2,Thursday
20270528,2027-05-28,2027,5,May,2,Friday
20270529,2027-05-29,2027,5,May,2,Saturday
20270530,2027-05-30,2027,5,May,2,Sunday
20270531,2027-05-31,2027,5,May,2,Monday
20270601,2027-06-01,2027,6,June,2,Tuesday
20270602,2027-06-02,2027,6,June,2,Wednesday
20270603,2027-06-03,2027,6,June,2,Thursday
20270604,2027-06-04,2027,6,June,2,Friday
20270605,2027-06-05,2027,6,June,2,Saturday
20270606,2027-06-06,2027,6,June,2,Sunday
20270607,2027-06-07,2027,6,June,2,Monday
20270608,2027-06-08,2027,6,June,2,Tuesday
20270609,2027-06-09,2027,6,June,2,Wednesday
20270610,2027-06-10,2027,6,June,2,Thursday
20270611,2027-06-11,2027,6,June,2,Friday
20270612,2027-06-12,2027,6,June,2,Saturday
20270613,2027-06-13,2027,6,June,2,Sunday
20270614,2027-06-14,2027,6,June,2,Monday
20270615,2027-06-15,2027,6,June,2,Tuesday
20270616,2027-06-16,2027,6,June,2,Wednesday
20270617,2027-06-17,2027,6,June,2,Thursday
20270618,2027-06-18,2027,6,June,2,Friday
20270619,2027-06-19,2027,6,June,2,Saturday
20270620,2027-06-20,2027,6,June,2,Sunday
20270621,2027-06-21,2027,6,June,2,Monday
20270622,2027-06-22,2027,6,June,2,Tuesday
20270623,2027-06-23,2027,6,June,2,Wednesday
20270624,2027-06-24,2027,6,June,2,Thursday
20270625,2027-06-25,2027,6,June,2,Friday
20270626,2027-06-26,2027,6,June,2,Saturday
20270627,2027-06-27,2027,6,June,2,Sunday
20270628,2027-06-28,2027,6,June,2,Monday
20270629,2027-06-29,2027,6,June,2,Tuesday
20270630,2027-06-30,2027,6,June,2,Wednesday
20270701,2027-07-01,2027,7,July,3,Thursday
20270702,2027-07-02,2027,7,July,3,Friday
20270703,2027-07-03,2027,7,July,3,Saturday
20270704,2027-07-04,2027,7,July,3,Sunday
20270705,2027-07-05,2027,7,July,3,Monday
20270706,2027-07-06,2027,7,July,3,Tuesday
20270707,2027-07-07,2027,7,July,3,Wednesday
20270708,2027-07-08,2027,7,July,3,Thursday
20270709,2027-07-09,2027,7,July,3,Friday
20270710,2027-07-10,2027,7,July,3,Saturday
20270711,2027-07-11,2027,7,July,3,Sunday
20270712,2027-07-12,2027,7,July,3,Monday
20270713,2027-07-13,2027,7,July,3,Tuesday
20270714,2027-07-14,2027,7,July,3,Wednesday
20270715,2027-07-15,2027,7,July,3,Thursday
20270716,2027-07-16,2027,7,July,3,Friday
20270717,2027-07-17,2027,7,July,3,Saturday
20270718,2027-07-18,2027,7,July,3,Sunday
20270719,2027-07-19,2027,7,July,3,Monday
20270720,2027-07-20,2027,7,July,3,Tuesday
20270721,2027-07-21,2027,7,July,3,Wednesday
20270722,2027-07-22,2027,7,July,3,Thursday
20270723,2027-07-23,2027,7,July,3,Friday
20270724,2027-07-24,2027,7,July,3,Saturday
20270725,2027-07-25,2027,7,July,3,Sunday
20270726,2027-07-26,2027,7,July,3,Monday
20270727,2027-07-27,2027,7,July,3,Tuesday
20270728,2027-07-28,2027,7,July,3,Wednesday
20270729,2027-07-29,2027,7,July,3,Thursday
20270730,2027-07-30,2027,7,July,3,Friday
20270731,2027-07-31,2027,7,July,3,Saturday
20270801,2027-08-01,2027,8,August,3,Sunday
20270802,2027-08-02,2027,8,August,3,Monday
20270803,2027-08-03,2027,8,August,3,Tuesday
20270804,2027-08-04,2027,8,August,3,Wednesday
20270805,2027-08-05,2027,8,August,3,Thursday
20270806,2027-08-06,2027,8,August,3,Friday
20270807,2027-08-07,2027,8,August,3,Saturday
20270808,2027-08-08,2027,8,August,3,Sunday
20270809,2027-08-09,2027,8,August,3,Monday
20270810,2027-08-10,2027,8,August,3,Tuesday
20270811,2027-08-11,2027,8,August,3,Wednesday
20270812,2027-08-12,2027,8,August,3,Thursday
20270813,2027-08-13,2027,8,August,3,Friday
20270814,2027-08-14,2027,8,August,3,Saturday
20270815,2027-08-15,2027,8,August,3,Sunday
20270816,2027-08-16,2027,8,August,3,Monday
20270817,2027-08-17,2027,8,August,3,Tuesday
20270818,2027-08-18,2027,8,August,3,Wednesday
20270819,2027-08-19,2027,8,August,3,Thursday
20270820,2027-08-20,2027,8,August,3,Friday
20270821,2027-08-21,2027,8,August,3,Saturday
20270822,2027-08-22,2027,8,August,3,Sunday
20270823,2027-08-23,2027,8,August,3,Monday
20270824,2027-08-24,2027,8,August,3,Tuesday
20270825,2027-08-25,2027,8,August,3,Wednesday
20270826,2027-08-26,2027,8,August,3,Thursday
20270827,2027-08-27,2027,8,August,3,Friday
20270828,2027-08-28,2027,8,August,3,Saturday
20270829,2027-08-29,2027,8,August,3,Sunday
20270830,2027-08-30,2027,8,August,3,Monday
20270831,2027-08-31,2027,8,August,3,Tuesday
20270901,2027-09-01,2027,9,September,3,Wednesday
20270902,2027-09-02,2027,9,September,3,Thursday
20270903,2027-09-03,2027,9,September,3,Friday
20270904,2027-09-04,2027,9,September,3,Saturday
20270905,2027-09-05,2027,9,September,3,Sunday
20270906,2027-09-06,2027,9,September,3,Monday
20270907,2027-09-07,2027,9,September,3,Tuesday
20270908,2027-09-08,2027,9,September,3,Wednesday
20270909,2027-09-09,2027,9,September,3,Thursday
20270910,2027-09-10,2027,9,September,3,Friday
20270911,2027-09-11,2027,9,September,3,Saturday
20270912,2027-09-12,2027,9,September,3,Sunday
20270913,2027-09-13,2027,9,September,3,Monday
20270914,2027-09-14,2027,9,September,3,Tuesday
20270915,2027-09-15,2027,9,September,3,Wednesday
20270916,2027-09-16,2027,9,September,3,Thursday
20270917,2027-09-17,2027,9,September,3,Friday
20270918,2027-09-18,2027,9,September,3,Saturday
20270919,2027-09-19,2027,9,September,3,Sunday
20270920,2027-09-20,2027,9,September,3,Monday
20270921,2027-09-21,2027,9,September,3,Tuesday
20270922,2027-09-22,2027,9,September,3,Wednesday
20270923,2027-09-23,2027,9,September,3,Thursday
20270924,2027-09-24,2027,9,September,3,Friday
20270925,2027-09-25,2027,9,September,3,Saturday
20270926,2027-09-26,2027,9,September,3,Sunday
20270927,2027-09-27,2027,9,September,3,Monday
20270928,2027-09-28,2027,9,September,3,Tuesday
20270929,2027-09-29,2027,9,September,3,Wednesday
20270930,2027-09-30,2027,9,September,3,Thursday
20271001,2027-10-01,2027,10,October,4,Friday
20271002,2027-10-02,2027,10,October,4,Saturday
20271003,2027-10-03,2027,10,October,4,Sunday
20271004,2027-10-04,2027,10,October,4,Monday
20271005,2027-10-05,2027,10,October,4,Tuesday
20271006,2027-10-06,2027,10,October,4,Wednesday
20271007,2027-10-07,2027,10,October,4,Thursday
20271008,2027-10-08,2027,10,October,4,Friday
20271009,2027-10-09,2027,10,October,4,Saturday
20271010,2027-10-10,2027,10,October,4,Sunday
20271011,2027-10-11,2027,10,October,4,Monday
20271012,2027-10-12,2027,10,October,4,Tuesday
20271013,2027-10-13,2027,10,October,4,Wednesday
20271014,2027-10-14,2027,10,October,4,Thursday
20271015,2027-10-15,2027,10,October,4,Friday
20271016,2027-10-16,2027,10,October,4,Saturday
20271017,2027-10-17,2027,10,October,4,Sunday
20271018,2027-10-18,2027,10,October,4,Monday
20271019,2027-10-19,2027,10,October,4,Tuesday
20271020,2027-10-20,2027,10,October,4,Wednesday
20271021,2027-10-21,2027,10,October,4,Thursday
20271022,2027-10-22,2027,10,October,4,Friday
20271023,2027-10-23,2027,10,October,4,Saturday
20271024,2027-10-24,2027,10,October,4,Sunday
20271025,2027-10-25,2027,10,October,4,Monday
20271026,2027-10-26,2027,10,October,4,Tuesday
20271027,2027-10-27,2027,10,October,4,Wednesday
20271028,2027-10-28,2027,10,October,4,Thursday
20271029,2027-10-29,2027,10,October,4,Friday
20271030,2027-10-30,2027,10,October,4,Saturday
20271031,2027-10-31,2027,10,October,4,Sunday
20271101,2027-11-01,2027,11,November,4,Monday
20271102,2027-11-02,2027,11,November,4,Tuesday
20271103,2027-11-03,2027,11,November,4,Wednesday
20271104,2027-11-04,2027,11,November,4,Thursday
20271105,2027-11-05,2027,11,November,4,Friday
20271106,2027-11-06,2027,11,November,4,Saturday
20271107,2027-11-07,2027,11,November,4,Sunday
20271108,2027-11-08,2027,11,November,4,Monday
20271109,2027-11-09,2027,11,November,4,Tuesday
20271110,2027-11-10,2027,11,November,4,Wednesday
20271111,2027-11-11,2027,11,November,4,Thursday
20271112,2027-11-12,2027,11,November,4,Friday
20271113,2027-11-13,2027,11,November,4,Saturday
20271114,2027-11-14,2027,11,November,4,Sunday
20271115,2027-11-15,2027,11,November,4,Monday
20271116,2027-11-16,2027,11,November,4,Tuesday
20271117,2027-11-17,2027,11,November,4,Wednesday
20271118,2027-11-18,2027,11,November,4,Thursday
20271119,2027-11-19,2027,11,November,4,Friday
20271120,2027-11-20,2027,11,November,4,Saturday
20271121,2027-11-21,2027,11,November,4,Sunday
20271122,2027-11-22,2027,11,November,4,Monday
20271123,2027-11-23,2027,11,November,4,Tuesday
20271124,2027-11-24,2027,11,November,4,Wednesday
20271125,2027-11-25,2027,11,November,4,Thursday
20271126,2027-11-26,2027,11,November,4,Friday
20271127,2027-11-27,2027,11,November,4,Saturday
20271128,2027-11-28,2027,11,November,4,Sunday
20271129,2027-11-29,2027,11,November,4,Monday
20271130,2027-11-30,2027,11,November,4,Tuesday
20271201,2027-12-01,2027,12,December,4,Wednesday
20271202,2027-12-02,2027,12,December,4,Thursday
20271203,2027-12-03,2027,12,December,4,Friday
20271204,2027-12-04,2027,12,December,4,Saturday
20271205,2027-12-05,2027,12,December,4,Sunday
20271206,2027-12-06,2027,12,December,4,Monday
20271207,2027-12-07,2027,12,December,4,Tuesday
20271208,2027-12-08,2027,12,December,4,Wednesday
20271209,2027-12-09,2027,12,December,4,Thursday
20271210,2027-12-10,2027,12,December,4,Friday
20271211,2027-12-11,2027,12,December,4,Saturday
20271212,2027-12-12,2027,12,December,4,Sunday
20271213,2027-12-13,2027,12,December,4,Monday
20271214,2027-12-14,2027,12,December,4,Tuesday
20271215,2027-12-15,2027,12,December,4,Wednesday
20271216,2027-12-16,2027,12,December,4,Thursday
20271217,2027-12-17,2027,12,December,4,Friday
20271218,2027-12-18,2027,12,December,4,Saturday
20271219,2027-12-19,2027,12,December,4,Sunday
20271220,2027-12-20,2027,12,December,4,Monday
20271221,2027-12-21,2027,12,December,4,Tuesday
20271222,2027-12-22,2027,12,December,4,Wednesday
20271223,2027-12-23,2027,12,December,4,Thursday
20271224,2027-12-24,2027,12,December,4,Friday
20271225,2027-12-25,2027,12,December,4,Saturday
20271226,2027-12-26,2027,12,December,4,Sunday
20271227,2027-12-27,2027,12,December,4,Monday
20271228,2027-12-28,2027,12,December,4,Tuesday
20271229,2027-12-29,2027,12,December,4,Wednesday
20271230,2027-12-30,2027,12,December,4,Thursday
20271231,2027-12-31,2027,12,December,4,Friday
20280101,2028-01-01,2028,1,January,1,Saturday
20280102,2028-01-02,2028,1,January,1,Sunday
20280103,2028-01-03,2028,1,January,1,Monday
20280104,2028-01-04,2028,1,January,1,Tuesday
20280105,2028-01-05,2028,1,January,1,Wednesday
20280106,2028-01-06,2028,1,January,1,Thursday
20280107,2028-01-07,2028,1,January,1,Friday
20280108,2028-01-08,2028,1,January,1,Saturday
20280109,2028-01-09,2028,1,January,1,Sunday
20280110,2028-01-10,2028,1,January,1,Monday
20280111,2028-01-11,2028,1,January,1,Tuesday
20280112,2028-01-12,2028,1,January,1,Wednesday
20280113,2028-01-13,2028,1,January,1,Thursday
20280114,2028-01-14,2028,1,January,1,Friday
20280115,2028-01-15,2028,1,January,1,Saturday
20280116,2028-01-16,2028,1,January,1,Sunday
20280117,2028-01-17,2028,1,January,1,Monday
20280118,2028-01-18,2028,1,January,1,Tuesday
20280119,2028-01-19,2028,1,January,1,Wednesday
20280120,2028-01-20,2028,1,January,1,Thursday
20280121,2028-01-21,2028,1,January,1,Friday
20280122,2028-01-22,2028,1,January,1,Saturday
20280123,2028-01-23,2028,1,January,1,Sunday
20280124,2028-01-24,2028,1,January,1,Monday
20280125,2028-01-25,2028,1,January,1,Tuesday
20280126,2028-01-26,2028,1,January,1,Wednesday
20280127,2028-01-27,2028,1,January,1,Thursday
20280128,2028-01-28,2028,1,January,1,Friday
20280129,2028-01-29,2028,1,January,1,Saturday
20280130,2028-01-30,2028,1,January,1,Sunday
20280131,2028-01-31,2028,1,January,1,Monday
20280201,2028-02-01,2028,2,February,1,Tuesday
20280202,2028-02-02,2028,2,February,1,Wednesday
20280203,2028-02-03,2028,2,February,1,Thursday
20280204,2028-02-04,2028,2,February,1,Friday
20280205,2028-02-05,2028,2,February,1,Saturday
20280206,2028-02-06,2028,2,February,1,Sunday
20280207,2028-02-07,2028,2,February,1,Monday
20280208,2028-02-08,2028,2,February,1,Tuesday
20280209,2028-02-09,2028,2,February,1,Wednesday
20280210,2028-02-10,2028,2,February,1,Thursday
20280211,2028-02-11,2028,2,February,1,Friday
20280212,2028-02-12,2028,2,February,1,Saturday
20280213,2028-02-13,2028,2,February,1,Sunday
20280214,2028-02-14,2028,2,February,1,Monday
20280215,2028-02-15,2028,2,February,1,Tuesday
20280216,2028-02-16,2028,2,February,1,Wednesday
20280217,2028-02-17,2028,2,February,1,Thursday
20280218,2028-02-18,2028,2,February,1,Friday
20280219,2028-02-19,2028,2,February,1,Saturday
20280220,2028-02-20,2028,2,February,1,Sunday
20280221,2028-02-21,2028,2,February,1,Monday
20280222,2028-02-22,2028,2,February,1,Tuesday
20280223,2028-02-23,2028,2,February,1,Wednesday
20280224,2028-02-24,2028,2,February,1,Thursday
20280225,2028-02-25,2028,2,February,1,Friday
20280226,2028-02-26,2028,2,February,1,Saturday
20280227,2028-02-27,2028,2,February,1,Sunday
20280228,2028-02-28,2028,2,February,1,Monday
20280229,2028-02-29,2028,2,February,1,Tuesday
20280301,2028-03-01,2028,3,March,1,Wednesday
20280302,2028-03-02,2028,3,March,1,Thursday
20280303,2028-03-03,2028,3,March,1,Friday
20280304,2028-03-04,2028,3,March,1,Saturday
20280305,2028-03-05,2028,3,March,1,Sunday
20280306,2028-03-06,2028,3,March,1,Monday
20280307,2028-03-07,2028,3,March,1,Tuesday
20280308,2028-03-08,2028,3,March,1,Wednesday
20280309,2028-03-09,2028,3,March,1,Thursday
20280310,2028-03-10,2028,3,March,1,Friday
20280311,2028-03-11,2028,3,March,1,Saturday
20280312,2028-03-12,2028,3,March,1,Sunday
20280313,2028-03-13,2028,3,March,1,Monday
20280314,2028-03-14,2028,3,March,1,Tuesday
20280315,2028-03-15,2028,3,March,1,Wednesday
20280316,2028-03-16,2028,3,March,1,Thursday
20280317,2028-03-17,2028,3,March,1,Friday
20280318,2028-03-18,2028,3,March,1,Saturday
20280319,2028-03-19,2028,3,March,1,Sunday
20280320,2028-03-20,2028,3,March,1,Monday
20280321,2028-03-21,2028,3,March,1,Tuesday
20280322,2028-03-22,2028,3,March,1,Wednesday
20280323,2028-03-23,2028,3,March,1,Thursday
20280324,2028-03-24,2028,3,March,1,Friday
20280325,2028-03-25,2028,3,March,1,Saturday
20280326,2028-03-26,2028,3,March,1,Sunday
20280327,2028-03-27,2028,3,March,1,Monday
20280328,2028-03-28,2028,3,March,1,Tuesday
20280329,2028-03-29,2028,3,March,1,Wednesday
20280330,2028-03-30,2028,3,March,1,Thursday
20280331,2028-03-31,2028,3,March,1,Friday
20280401,2028-04-01,2028,4,April,2,Saturday
20280402,2028-04-02,2028,4,April,2,Sunday
20280403,2028-04-03,2028,4,April,2,Monday
20280404,2028-04-04,2028,4,April,2,Tuesday
20280405,2028-04-05,2028,4,April,2,Wednesday
20280406,2028-04-06,2028,4,April,2,Thursday
20280407,2028-04-07,2028,4,April,2,Friday
20280408,2028-04-08,2028,4,April,2,Saturday
20280409,2028-04-09,2028,4,April,2,Sunday
20280410,2028-04-10,2028,4,April,2,Monday
20280411,2028-04-11,2028,4,April,2,Tuesday
20280412,2028-04-12,2028,4,April,2,Wednesday
20280413,2028-04-13,2028,4,April,2,Thursday
20280414,2028-04-14,2028,4,April,2,Friday
20280415,2028-04-15,2028,4,April,2,Saturday
20280416,2028-04-16,2028,4,April,2,Sunday
20280417,2028-04-17,2028,4,April,2,Monday
20280418,2028-04-18,2028,4,April,2,Tuesday
20280419,2028-04-19,2028,4,April,2,Wednesday
20280420,2028-04-20,2028,4,April,2,Thursday
20280421,2028-04-21,2028,4,April,2,Friday
20280422,2028-04-22,2028,4,April,2,Saturday
20280423,2028-04-23,2028,4,April,2,Sunday
20280424,2028-04-24,2028,4,April,2,Monday
20280425,2028-04-25,2028,4,April,2,Tuesday
20280426,2028-04-26,2028,4,April,2,Wednesday
20280427,2028-04-27,2028,4,April,2,Thursday
20280428,2028-04-28,2028,4,April,2,Friday
20280429,2028-04-29,2028,4,April,2,Saturday
20280430,2028-04-30,2028,4,April,2,Sunday
20280501,2028-05-01,2028,5,May,2,Monday
20280502,2028-05-02,2028,5,May,2,Tuesday
20280503,2028-05-03,2028,5,May,2,Wednesday
20280504,2028-05-04,2028,5,May,2,Thursday
20280505,2028-05-05,2028,5,May,2,Friday
20280506,2028-05-06,2028,5,May,2,Saturday
20280507,2028-05-07,2028,5,May,2,Sunday
20280508,2028-05-08,2028,5,May,2,Monday
20280509,2028-05-09,2028,5,May,2,Tuesday
20280510,2028-05-10,2028,5,May,2,Wednesday
20280511,2028-05-11,2028,5,May,2,Thursday
20280512,2028-05-12,2028,5,May,2,Friday
20280513,2028-05-13,2028,5,May,2,Saturday
20280514,2028-05-14,2028,5,May,2,Sunday
20280515,2028-05-15,2028,5,May,2,Monday
20280516,2028-05-16,2028,5,May,2,Tuesday
20280517,2028-05-17,2028,5,May,2,Wednesday
20280518,2028-05-18,2028,5,May,2,Thursday
20280519,2028-05-19,2028,5,May,2,Friday
20280520,2028-05-20,2028,5,May,2,Saturday
20280521,2028-05-21,2028,5,May,2,Sunday
20280522,2028-05-22,2028,5,May,2,Monday
20280523,2028-05-23,2028,5,May,2,Tuesday
20280524,2028-05-24,2028,5,May,2,Wednesday
20280525,2028-05-25,2028,5,May,2,Thursday
20280526,2028-05-26,2028,5,May,2,Friday
20280527,2028-05-27,2028,5,May,2,Saturday
20280528,2028-05-28,2028,5,May,2,Sunday
20280529,2028-05-29,2028,5,May,2,Monday
20280530,2028-05-30,2028,5,May,2,Tuesday
20280531,2028-05-31,2028,5,May,2,Wednesday
20280601,2028-06-01,2028,6,June,2,Thursday
20280602,2028-06-02,2028,6,June,2,Friday
20280603,2028-06-03,2028,6,June,2,Saturday
20280604,2028-06-04,2028,6,June,2,Sunday
20280605,2028-06-05,2028,6,June,2,Monday
20280606,2028-06-06,2028,6,June,2,Tuesday
20280607,2028-06-07,2028,6,June,2,Wednesday
20280608,2028-06-08,2028,6,June,2,Thursday
20280609,2028-06-09,2028,6,June,2,Friday
20280610,2028-06-10,2028,6,June,2,Saturday
20280611,2028-06-11,2028,6,June,2,Sunday
20280612,2028-06-12,2028,6,June,2,Monday
20280613,2028-06-13,2028,6,June,2,Tuesday
20280614,2028-06-14,2028,6,June,2,Wednesday
20280615,2028-06-15,2028,6,June,2,Thursday
20280616,2028-06-16,2028,6,June,2,Friday
20280617,2028-06-17,2028,6,June,2,Saturday
20280618,2028-06-18,2028,6,June,2,Sunday
20280619,2028-06-19,2028,6,June,2,Monday
20280620,2028-06-20,2028,6,June,2,Tuesday
20280621,2028-06-21,2028,6,June,2,Wednesday
20280622,2028-06-22,2028,6,June,2,Thursday
20280623,2028-06-23,2028,6,June,2,Friday
20280624,2028-06-24,2028,6,June,2,Saturday
20280625,2028-06-25,2028,6,June,2,Sunday
20280626,2028-06-26,2028,6,June,2,Monday
20280627,2028-06-27,2028,6,June,2,Tuesday
20280628,2028-06-28,2028,6,June,2,Wednesday
20280629,2028-06-29,2028,6,June,2,Thursday
20280630,2028-06-30,2028,6,June,2,Friday
20280701,2028-07-01,2028,7,July,3,Saturday
20280702,2028-07-02,2028,7,July,3,Sunday
20280703,2028-07-03,2028,7,July,3,Monday
20280704,2028-07-04,2028,7,July,3,Tuesday
20280705,2028-07-05,2028,7,July,3,Wednesday
20280706,2028-07-06,2028,7,July,3,Thursday
20280707,2028-07-07,2028,7,July,3,Friday
20280708,2028-07-08,2028,7,July,3,Saturday
20280709,2028-07-09,2028,7,July,3,Sunday
20280710,2028-07-10,2028,7,July,3,Monday
20280711,2028-07-11,2028,7,July,3,Tuesday
20280712,2028-07-12,2028,7,July,3,Wednesday
20280713,2028-07-13,2028,7,July,3,Thursday
20280714,2028-07-14,2028,7,July,3,Friday
20280715,2028-07-15,2028,7,July,3,Saturday
20280716,2028-07-16,2028,7,July,3,Sunday
20280717,2028-07-17,2028,7,July,3,Monday
20280718,2028-07-18,2028,7,July,3,Tuesday
20280719,2028-07-19,2028,7,July,3,Wednesday
20280720,2028-07-20,2028,7,July,3,Thursday
20280721,2028-07-21,2028,7,July,3,Friday
20280722,2028-07-22,2028,7,July,3,Saturday
20280723,2028-07-23,2028,7,July,3,Sunday
20280724,2028-07-24,2028,7,July,3,Monday
20280725,2028-07-25,2028,7,July,3,Tuesday
20280726,2028-07-26,2028,7,July,3,Wednesday
20280727,2028-07-27,2028,7,July,3,Thursday
20280728,2028-07-28,2028,7,July,3,Friday
20280729,2028-07-29,2028,7,July,3,Saturday
20280730,2028-07-30,2028,7,July,3,Sunday
20280731,2028-07-31,2028,7,July,3,Monday
20280801,2028-08-01,2028,8,August,3,Tuesday
20280802,2028-08-02,2028,8,August,3,Wednesday
20280803,2028-08-03,2028,8,August,3,Thursday
20280804,2028-08-04,2028,8,August,3,Friday
20280805,2028-08-05,2028,8,August,3,Saturday
20280806,2028-08-06,2028,8,August,3,Sunday
20280807,2028-08-07,2028,8,August,3,Monday
20280808,2028-08-08,2028,8,August,3,Tuesday
20280809,2028-08-09,2028,8,August,3,Wednesday
20280810,2028-08-10,2028,8,August,3,Thursday
20280811,2028-08-11,2028,8,August,3,Friday
20280812,2028-08-12,2028,8,August,3,Saturday
20280813,2028-08-13,2028,8,August,3,Sunday
20280814,2028-08-14,2028,8,August,3,Monday
20280815,2028-08-15,2028,8,August,3,Tuesday
20280816,2028-08-16,2028,8,August,3,Wednesday
20280817,2028-08-17,2028,8,August,3,Thursday
20280818,2028-08-18,2028,8,August,3,Friday
20280819,2028-08-19,2028,8,August,3,Saturday
20280820,2028-08-20,2028,8,August,3,Sunday
20280821,2028-08-21,2028,8,August,3,Monday
20280822,2028-08-22,2028,8,August,3,Tuesday
20280823,2028-08-23,2028,8,August,3,Wednesday
20280824,2028-08-24,2028,8,August,3,Thursday
20280825,2028-08-25,2028,8,August,3,Friday
20280826,2028-08-26,2028,8,August,3,Saturday
20280827,2028-08-27,2028,8,August,3,Sunday
20280828,2028-08-28,2028,8,August,3,Monday
20280829,2028-08-29,2028,8,August,3,Tuesday
20280830,2028-08-30,2028,8,August,3,Wednesday
20280831,2028-08-31,2028,8,August,3,Thursday
20280901,2028-09-01,2028,9,September,3,Friday
20280902,2028-09-02,2028,9,September,3,Saturday
20280903,2028-09-03,2028,9,September,3,Sunday
20280904,2028-09-04,2028,9,September,3,Monday
20280905,2028-09-05,2028,9,September,3,Tuesday
20280906,2028-09-06,2028,9,September,3,Wednesday
20280907,2028-09-07,2028,9,September,3,Thursday
20280908,2028-09-08,2028,9,September,3,Friday
20280909,2028-09-09,2028,9,September,3,Saturday
20280910,2028-09-10,2028,9,September,3,Sunday
20280911,2028-09-11,2028,9,September,3,Monday
20280912,2028-09-12,2028,9,September,3,Tuesday
20280913,2028-09-13,2028,9,September,3,Wednesday
20280914,2028-09-14,2028,9,September,3,Thursday
20280915,2028-09-15,2028,9,September,3,Friday
20280916,2028-09-16,2028,9,September,3,Saturday
20280917,2028-09-17,2028,9,September,3,Sunday
20280918,2028-09-18,2028,9,September,3,Monday
20280919,2028-09-19,2028,9,September,3,Tuesday
20280920,2028-09-20,2028,9,September,3,Wednesday
20280921,2028-09-21,2028,9,September,3,Thursday
20280922,2028-09-22,2028,9,September,3,Friday
20280923,2028-09-23,2028,9,September,3,Saturday
20280924,2028-09-24,2028,9,September,3,Sunday
20280925,2028-09-25,2028,9,September,3,Monday
20280926,2028-09-26,2028,9,September,3,Tuesday
20280927,2028-09-27,2028,9,September,3,Wednesday
20280928,2028-09-28,2028,9,September,3,Thursday
20280929,2028-09-29,2028,9,September,3,Friday
20280930,2028-09-30,2028,9,September,3,Saturday
20281001,2028-10-01,2028,10,October,4,Sunday
20281002,2028-10-02,2028,10,October,4,Monday
20281003,2028-10-03,2028,10,October,4,Tuesday
20281004,2028-10-04,2028,10,October,4,Wednesday
20281005,2028-10-05,2028,10,October,4,Thursday
20281006,2028-10-06,2028,10,October,4,Friday
20281007,2028-10-07,2028,10,October,4,Saturday
20281008,2028-10-08,2028,10,October,4,Sunday
20281009,2028-10-09,2028,10,October,4,Monday
20281010,2028-10-10,2028,10,October,4,Tuesday
20281011,2028-10-11,2028,10,October,4,Wednesday
20281012,2028-10-12,2028,10,October,4,Thursday
20281013,2028-10-13,2028,10,October,4,Friday
20281014,2028-10-14,2028,10,October,4,Saturday
20281015,2028-10-15,2028,10,October,4,Sunday
20281016,2028-10-16,2028,10,October,4,Monday
20281017,2028-10-17,2028,10,October,4,Tuesday
20281018,2028-10-18,2028,10,October,4,Wednesday
20281019,2028-10-19,2028,10,October,4,Thursday
20281020,2028-10-20,2028,10,October,4,Friday
20281021,2028-10-21,2028,10,October,4,Saturday
20281022,2028-10-22,2028,10,October,4,Sunday
20281023,2028-10-23,2028,10,October,4,Monday
20281024,2028-10-24,2028,10,October,4,Tuesday
20281025,2028-10-25,2028,10,October,4,Wednesday
20281026,2028-10-26,2028,10,October,4,Thursday
20281027,2028-10-27,2028,10,October,4,Friday
20281028,2028-10-28,2028,10,October,4,Saturday
20281029,2028-10-29,2028,10,October,4,Sunday
20281030,2028-10-30,2028,10,October,4,Monday
20281031,2028-10-31,2028,10,October,4,Tuesday
20281101,2028-11-01,2028,11,November,4,Wednesday
20281102,2028-11-02,2028,11,November,4,Thursday
20281103,2028-11-03,2028,11,November,4,Friday
20281104,2028-11-04,2028,11,November,4,Saturday
20281105,2028-11-05,2028,11,November,4,Sunday
20281106,2028-11-06,2028,11,November,4,Monday
20281107,2028-11-07,2028,11,November,4,Tuesday
20281108,2028-11-08,2028,11,November,4,Wednesday
20281109,2028-11-09,2028,11,November,4,Thursday
20281110,2028-11-10,2028,11,November,4,Friday
20281111,2028-11-11,2028,11,November,4,Saturday
20281112,2028-11-12,2028,11,November,4,Sunday
20281113,2028-11-13,2028,11,November,4,Monday
20281114,2028-11-14,2028,11,November,4,Tuesday
20281115,2028-11-15,2028,11,November,4,Wednesday
20281116,2028-11-16,2028,11,November,4,Thursday
20281117,2028-11-17,2028,11,November,4,Friday
20281118,2028-11-18,2028,11,November,4,Saturday
20281119,2028-11-19,2028,11,November,4,Sunday
20281120,2028-11-20,2028,11,November,4,Monday
20281121,2028-11-21,2028,11,November,4,Tuesday
20281122,2028-11-22,2028,11,November,4,Wednesday
20281123,2028-11-23,2028,11,November,4,Thursday
20281124,2028-11-24,2028,11,November,4,Friday
20281125,2028-11-25,2028,11,November,4,Saturday
20281126,2028-11-26,2028,11,November,4,Sunday
20281127,2028-11-27,2028,11,November,4,Monday
20281128,2028-11-28,2028,11,November,4,Tuesday
20281129,2028-11-29,2028,11,November,4,Wednesday
20281130,2028-11-30,2028,11,November,4,Thursday
20281201,2028-12-01,2028,12,December,4,Friday
20281202,2028-12-02,2028,12,December,4,Saturday
20281203,2028-12-03,2028,12,December,4,Sunday
20281204,2028-12-04,2028,12,December,4,Monday
20281205,2028-12-05,2028,12,December,4,Tuesday
20281206,2028-12-06,2028,12,December,4,Wednesday
20281207,2028-12-07,2028,12,December,4,Thursday
20281208,2028-12-08,2028,12,December,4,Friday
20281209,2028-12-09,2028,12,December,4,Saturday
20281210,2028-12-10,2028,12,December,4,Sunday
20281211,2028-12-11,2028,12,December,4,Monday
20281212,2028-12-12,2028,12,December,4,Tuesday
20281213,2028-12-13,2028,12,December,4,Wednesday
20281214,2028-12-14,2028,12,December,4,Thursday
20281215,2028-12-15,2028,12,December,4,Friday
20281216,2028-12-16,2028,12,December,4,Saturday
20281217,2028-12-17,2028,12,December,4,Sunday
20281218,2028-12-18,2028,12,December,4,Monday
20281219,2028-12-19,2028,12,December,4,Tuesday
20281220,2028-12-20,2028,12,December,4,Wednesday
20281221,2028-12-21,2028,12,December,4,Thursday
20281222,2028-12-22,2028,12,December,4,Friday
20281223,2028-12-23,2028,12,December,4,Saturday
20281224,2028-12-24,2028,12,December,4,Sunday
20281225,2028-12-25,2028,12,December,4,Monday
20281226,2028-12-26,2028,12,December,4,Tuesday
20281227,2028-12-27,2028,12,December,4,Wednesday
20281228,2028-12-28,2028,12,December,4,Thursday
20281229,2028-12-29,2028,12,December,4,Friday
20281230,2028-12-30,2028,12,December,4,Saturday
20281231,2028-12-31,2028,12,December,4,Sunday
20290101,2029-01-01,2029,1,January,1,Monday
20290102,2029-01-02,2029,1,January,1,Tuesday
20290103,2029-01-03,2029,1,January,1,Wednesday
20290104,2029-01-04,2029,1,January,1,Thursday
20290105,2029-01-05,2029,1,January,1,Friday
20290106,2029-01-06,2029,1,January,1,Saturday
20290107,2029-01-07,2029,1,January,1,Sunday
20290108,2029-01-08,2029,1,January,1,Monday
20290109,2029-01-09,2029,1,January,1,Tuesday
20290110,2029-01-10,2029,1,January,1,Wednesday
20290111,2029-01-11,2029,1,January,1,Thursday
20290112,2029-01-12,2029,1,January,1,Friday
20290113,2029-01-13,2029,1,January,1,Saturday
20290114,2029-01-14,2029,1,January,1,Sunday
20290115,2029-01-15,2029,1,January,1,Monday
20290116,2029-01-16,2029,1,January,1,Tuesday
20290117,2029-01-17,2029,1,January,1,Wednesday
20290118,2029-01-18,2029,1,January,1,Thursday
20290119,2029-01-19,2029,1,January,1,Friday
20290120,2029-01-20,2029,1,January,1,Saturday
20290121,2029-01-21,2029,1,January,1,Sunday
20290122,2029-01-22,2029,1,January,1,Monday
20290123,2029-01-23,2029,1,January,1,Tuesday
20290124,2029-01-24,2029,1,January,1,Wednesday
20290125,2029-01-25,2029,1,January,1,Thursday
20290126,2029-01-26,2029,1,January,1,Friday
20290127,2029-01-27,2029,1,January,1,Saturday
20290128,2029-01-28,2029,1,January,1,Sunday
20290129,2029-01-29,2029,1,January,1,Monday
20290130,2029-01-30,2029,1,January,1,Tuesday
20290131,2029-01-31,2029,1,January,1,Wednesday
20290201,2029-02-01,2029,2,February,1,Thursday
20290202,2029-02-02,2029,2,February,1,Friday
20290203,2029-02-03,2029,2,February,1,Saturday
20290204,2029-02-04,2029,2,February,1,Sunday
20290205,2029-02-05,2029,2,February,1,Monday
20290206,2029-02-06,2029,2,February,1,Tuesday
20290207,2029-02-07,2029,2,February,1,Wednesday
20290208,2029-02-08,2029,2,February,1,Thursday
20290209,2029-02-09,2029,2,February,1,Friday
20290210,2029-02-10,2029,2,February,1,Saturday
20290211,2029-02-11,2029,2,February,1,Sunday
20290212,2029-02-12,2029,2,February,1,Monday
20290213,2029-02-13,2029,2,February,1,Tuesday
20290214,2029-02-14,2029,2,February,1,Wednesday
20290215,2029-02-15,2029,2,February,1,Thursday
20290216,2029-02-16,2029,2,February,1,Friday
20290217,2029-02-17,2029,2,February,1,Saturday
20290218,2029-02-18,2029,2,February,1,Sunday
20290219,2029-02-19,2029,2,February,1,Monday
20290220,2029-02-20,2029,2,February,1,Tuesday
20290221,2029-02-21,2029,2,February,1,Wednesday
20290222,2029-02-22,2029,2,February,1,Thursday
20290223,2029-02-23,2029,2,February,1,Friday
20290224,2029-02-24,2029,2,February,1,Saturday
20290225,2029-02-25,2029,2,February,1,Sunday
20290226,2029-02-26,2029,2,February,1,Monday
20290227,2029-02-27,2029,2,February,1,Tuesday
20290228,2029-02-28,2029,2,February,1,Wednesday
20290301,2029-03-01,2029,3,March,1,Thursday
20290302,2029-03-02,2029,3,March,1,Friday
20290303,2029-03-03,2029,3,March,1,Saturday
20290304,2029-03-04,2029,3,March,1,Sunday
20290305,2029-03-05,2029,3,March,1,Monday
20290306,2029-03-06,2029,3,March,1,Tuesday
20290307,2029-03-07,2029,3,March,1,Wednesday
20290308,2029-03-08,2029,3,March,1,Thursday
20290309,2029-03-09,2029,3,March,1,Friday
20290310,2029-03-10,2029,3,March,1,Saturday
20290311,2029-03-11,2029,3,March,1,Sunday
20290312,2029-03-12,2029,3,March,1,Monday
20290313,2029-03-13,2029,3,March,1,Tuesday
20290314,2029-03-14,2029,3,March,1,Wednesday
20290315,2029-03-15,2029,3,March,1,Thursday
20290316,2029-03-16,2029,3,March,1,Friday
20290317,2029-03-17,2029,3,March,1,Saturday
20290318,2029-03-18,2029,3,March,1,Sunday
20290319,2029-03-19,2029,3,March,1,Monday
20290320,2029-03-20,2029,3,March,1,Tuesday
20290321,2029-03-21,2029,3,March,1,Wednesday
20290322,2029-03-22,2029,3,March,1,Thursday
20290323,2029-03-23,2029,3,March,1,Friday
20290324,2029-03-24,2029,3,March,1,Saturday
20290325,2029-03-25,2029,3,March,1,Sunday
20290326,2029-03-26,2029,3,March,1,Monday
20290327,2029-03-27,2029,3,March,1,Tuesday
20290328,2029-03-28,2029,3,March,1,Wednesday
20290329,2029-03-29,2029,3,March,1,Thursday
20290330,2029-03-30,2029,3,March,1,Friday
20290331,2029-03-31,2029,3,March,1,Saturday
20290401,2029-04-01,2029,4,April,2,Sunday
20290402,2029-04-02,2029,4,April,2,Monday
20290403,2029-04-03,2029,4,April,2,Tuesday
20290404,2029-04-04,2029,4,April,2,Wednesday
20290405,2029-04-05,2029,4,April,2,Thursday
20290406,2029-04-06,2029,4,April,2,Friday
20290407,2029-04-07,2029,4,April,2,Saturday
20290408,2029-04-08,2029,4,April,2,Sunday
20290409,2029-04-09,2029,4,April,2,Monday
20290410,2029-04-10,2029,4,April,2,Tuesday
20290411,2029-04-11,2029,4,April,2,Wednesday
20290412,2029-04-12,2029,4,April,2,Thursday
20290413,2029-04-13,2029,4,April,2,Friday
20290414,2029-04-14,2029,4,April,2,Saturday
20290415,2029-04-15,2029,4,April,2,Sunday
20290416,2029-04-16,2029,4,April,2,Monday
20290417,2029-04-17,2029,4,April,2,Tuesday
20290418,2029-04-18,2029,4,April,2,Wednesday
20290419,2029-04-19,2029,4,April,2,Thursday
20290420,2029-04-20,2029,4,April,2,Friday
20290421,2029-04-21,2029,4,April,2,Saturday
20290422,2029-04-22,2029,4,April,2,Sunday
20290423,2029-04-23,2029,4,April,2,Monday
20290424,2029-04-24,2029,4,April,2,Tuesday
20290425,2029-04-25,2029,4,April,2,Wednesday
20290426,2029-04-26,2029,4,April,2,Thursday
20290427,2029-04-27,2029,4,April,2,Friday
20290428,2029-04-28,2029,4,April,2,Saturday
20290429,2029-04-29,2029,4,April,2,Sunday
20290430,2029-04-30,2029,4,April,2,Monday
20290501,2029-05-01,2029,5,May,2,Tuesday
20290502,2029-05-02,2029,5,May,2,Wednesday
20290503,2029-05-03,2029,5,May,2,Thursday
20290504,2029-05-04,2029,5,May,2,Friday
20290505,2029-05-05,2029,5,May,2,Saturday
20290506,2029-05-06,2029,5,May,2,Sunday
20290507,2029-05-07,2029,5,May,2,Monday
20290508,2029-05-08,2029,5,May,2,Tuesday
20290509,2029-05-09,2029,5,May,2,Wednesday
20290510,2029-05-10,2029,5,May,2,Thursday
20290511,2029-05-11,2029,5,May,2,Friday
20290512,2029-05-12,2029,5,May,2,Saturday
20290513,2029-05-13,2029,5,May,2,Sunday
20290514,2029-05-14,2029,5,May,2,Monday
20290515,2029-05-15,2029,5,May,2,Tuesday
20290516,2029-05-16,2029,5,May,2,Wednesday
20290517,2029-05-17,2029,5,May,2,Thursday
20290518,2029-05-18,2029,5,May,2,Friday
20290519,2029-05-19,2029,5,May,2,Saturday
20290520,2029-05-20,2029,5,May,2,Sunday
20290521,2029-05-21,2029,5,May,2,Monday
20290522,2029-05-22,2029,5,May,2,Tuesday
20290523,2029-05-23,2029,5,May,2,Wednesday
20290524,2029-05-24,2029,5,May,2,Thursday
20290525,2029-05-25,2029,5,May,2,Friday
20290526,2029-05-26,2029,5,May,2,Saturday
20290527,2029-05-27,2029,5,May,2,Sunday
20290528,2029-05-28,2029,5,May,2,Monday
20290529,2029-05-29,2029,5,May,2,Tuesday
20290530,2029-05-30,2029,5,May,2,Wednesday
20290531,2029-05-31,2029,5,May,2,Thursday
20290601,2029-06-01,2029,6,June,2,Friday
20290602,2029-06-02,2029,6,June,2,Saturday
20290603,2029-06-03,2029,6,June,2,Sunday
20290604,2029-06-04,2029,6,June,2,Monday
20290605,2029-06-05,2029,6,June,2,Tuesday
20290606,2029-06-06,2029,6,June,2,Wednesday
20290607,2029-06-07,2029,6,June,2,Thursday
20290608,2029-06-08,2029,6,June,2,Friday
20290609,2029-06-09,2029,6,June,2,Saturday
20290610,2029-06-10,2029,6,June,2,Sunday
20290611,2029-06-11,2029,6,June,2,Monday
20290612,2029-06-12,2029,6,June,2,Tuesday
20290613,2029-06-13,2029,6,June,2,Wednesday
20290614,2029-06-14,2029,6,June,2,Thursday
20290615,2029-06-15,2029,6,June,2,Friday
20290616,2029-06-16,2029,6,June,2,Saturday
20290617,2029-06-17,2029,6,June,2,Sunday
20290618,2029-06-18,2029,6,June,2,Monday
20290619,2029-06-19,2029,6,June,2,Tuesday
20290620,2029-06-20,2029,6,June,2,Wednesday
20290621,2029-06-21,2029,6,June,2,Thursday
20290622,2029-06-22,2029,6,June,2,Friday
20290623,2029-06-23,2029,6,June,2,Saturday
20290624,2029-06-24,2029,6,June,2,Sunday
20290625,2029-06-25,2029,6,June,2,Monday
20290626,2029-06-26,2029,6,June,2,Tuesday
20290627,2029-06-27,2029,6,June,2,Wednesday
20290628,2029-06-28,2029,6,June,2,Thursday
20290629,2029-06-29,2029,6,June,2,Friday
20290630,2029-06-30,2029,6,June,2,Saturday
20290701,2029-07-01,2029,7,July,3,Sunday
20290702,2029-07-02,2029,7,July,3,Monday
20290703,2029-07-03,2029,7,July,3,Tuesday
20290704,2029-07-04,2029,7,July,3,Wednesday
20290705,2029-07-05,2029,7,July,3,Thursday
20290706,2029-07-06,2029,7,July,3,Friday
20290707,2029-07-07,2029,7,July,3,Saturday
20290708,2029-07-08,2029,7,July,3,Sunday
20290709,2029-07-09,2029,7,July,3,Monday
20290710,2029-07-10,2029,7,July,3,Tuesday
20290711,2029-07-11,2029,7,July,3,Wednesday
20290712,2029-07-12,2029,7,July,3,Thursday
20290713,2029-07-13,2029,7,July,3,Friday
20290714,2029-07-14,2029,7,July,3,Saturday
20290715,2029-07-15,2029,7,July,3,Sunday
20290716,2029-07-16,2029,7,July,3,Monday
20290717,2029-07-17,2029,7,July,3,Tuesday
20290718,2029-07-18,2029,7,July,3,Wednesday
20290719,2029-07-19,2029,7,July,3,Thursday
20290720,2029-07-20,2029,7,July,3,Friday
20290721,2029-07-21,2029,7,July,3,Saturday
20290722,2029-07-22,2029,7,July,3,Sunday
20290723,2029-07-23,2029,7,July,3,Monday
20290724,2029-07-24,2029,7,July,3,Tuesday
20290725,2029-07-25,2029,7,July,3,Wednesday
20290726,2029-07-26,2029,7,July,3,Thursday
20290727,2029-07-27,2029,7,July,3,Friday
20290728,2029-07-28,2029,7,July,3,Saturday
20290729,2029-07-29,2029,7,July,3,Sunday
20290730,2029-07-30,2029,7,July,3,Monday
20290731,2029-07-31,2029,7,July,3,Tuesday
20290801,2029-08-01,2029,8,August,3,Wednesday
20290802,2029-08-02,2029,8,August,3,Thursday
20290803,2029-08-03,2029,8,August,3,Friday
20290804,2029-08-04,2029,8,August,3,Saturday
20290805,2029-08-05,2029,8,August,3,Sunday
20290806,2029-08-06,2029,8,August,3,Monday
20290807,2029-08-07,2029,8,August,3,Tuesday
20290808,2029-08-08,2029,8,August,3,Wednesday
20290809,2029-08-09,2029,8,August,3,Thursday
20290810,2029-08-10,2029,8,August,3,Friday
20290811,2029-08-11,2029,8,August,3,Saturday
20290812,2029-08-12,2029,8,August,3,Sunday
20290813,2029-08-13,2029,8,August,3,Monday
20290814,2029-08-14,2029,8,August,3,Tuesday
20290815,2029-08-15,2029,8,August,3,Wednesday
20290816,2029-08-16,2029,8,August,3,Thursday
20290817,2029-08-17,2029,8,August,3,Friday
20290818,2029-08-18,2029,8,August,3,Saturday
20290819,2029-08-19,2029,8,August,3,Sunday
20290820,2029-08-20,2029,8,August,3,Monday
20290821,2029-08-21,2029,8,August,3,Tuesday
20290822,2029-08-22,2029,8,August,3,Wednesday
20290823,2029-08-23,2029,8,August,3,Thursday
20290824,2029-08-24,2029,8,August,3,Friday
20290825,2029-08-25,2029,8,August,3,Saturday
20290826,2029-08-26,2029,8,August,3,Sunday
20290827,2029-08-27,2029,8,August,3,Monday
20290828,2029-08-28,2029,8,August,3,Tuesday
20290829,2029-08-29,2029,8,August,3,Wednesday
20290830,2029-08-30,2029,8,August,3,Thursday
20290831,2029-08-31,2029,8,August,3,Friday
20290901,2029-09-01,2029,9,September,3,Saturday
20290902,2029-09-02,2029,9,September,3,Sunday
20290903,2029-09-03,2029,9,September,3,Monday
20290904,2029-09-04,2029,9,September,3,Tuesday
20290905,2029-09-05,2029,9,September,3,Wednesday
20290906,2029-09-06,2029,9,September,3,Thursday
20290907,2029-09-07,2029,9,September,3,Friday
20290908,2029-09-08,2029,9,September,3,Saturday
20290909,2029-09-09,2029,9,September,3,Sunday
20290910,2029-09-10,2029,9,September,3,Monday
20290911,2029-09-11,2029,9,September,3,Tuesday
20290912,2029-09-12,2029,9,September,3,Wednesday
20290913,2029-09-13,2029,9,September,3,Thursday
20290914,2029-09-14,2029,9,September,3,Friday
20290915,2029-09-15,2029,9,September,3,Saturday
20290916,2029-09-16,2029,9,September,3,Sunday
20290917,2029-09-17,2029,9,September,3,Monday
20290918,2029-09-18,2029,9,September,3,Tuesday
20290919,2029-09-19,2029,9,September,3,Wednesday
20290920,2029-09-20,2029,9,September,3,Thursday
20290921,2029-09-21,2029,9,September,3,Friday
20290922,2029-09-22,2029,9,September,3,Saturday
20290923,2029-09-23,2029,9,September,3,Sunday
20290924,2029-09-24,2029,9,September,3,Monday
20290925,2029-09-25,2029,9,September,3,Tuesday
20290926,2029-09-26,2029,9,September,3,Wednesday
20290927,2029-09-27,2029,9,September,3,Thursday
20290928,2029-09-28,2029,9,September,3,Friday
20290929,2029-09-29,2029,9,September,3,Saturday
20290930,2029-09-30,2029,9,September,3,Sunday
20291001,2029-10-01,2029,10,October,4,Monday
20291002,2029-10-02,2029,10,October,4,Tuesday
20291003,2029-10-03,2029,10,October,4,Wednesday
20291004,2029-10-04,2029,10,October,4,Thursday
20291005,2029-10-05,2029,10,October,4,Friday
20291006,2029-10-06,2029,10,October,4,Saturday
20291007,2029-10-07,2029,10,October,4,Sunday
20291008,2029-10-08,2029,10,October,4,Monday
20291009,2029-10-09,2029,10,October,4,Tuesday
20291010,2029-10-10,2029,10,October,4,Wednesday
20291011,2029-10-11,2029,10,October,4,Thursday
20291012,2029-10-12,2029,10,October,4,Friday
20291013,2029-10-13,2029,10,October,4,Saturday
20291014,2029-10-14,2029,10,October,4,Sunday
20291015,2029-10-15,2029,10,October,4,Monday
20291016,2029-10-16,2029,10,October,4,Tuesday
20291017,2029-10-17,2029,10,October,4,Wednesday
20291018,2029-10-18,2029,10,October,4,Thursday
20291019,2029-10-19,2029,10,October,4,Friday
20291020,2029-10-20,2029,10,October,4,Saturday
20291021,2029-10-21,2029,10,October,4,Sunday
20291022,2029-10-22,2029,10,October,4,Monday
20291023,2029-10-23,2029,10,October,4,Tuesday
20291024,2029-10-24,2029,10,October,4,Wednesday
20291025,2029-10-25,2029,10,October,4,Thursday
20291026,2029-10-26,2029,10,October,4,Friday
20291027,2029-10-27,2029,10,October,4,Saturday
20291028,2029-10-28,2029,10,October,4,Sunday
20291029,2029-10-29,2029,10,October,4,Monday
20291030,2029-10-30,2029,10,October,4,Tuesday
20291031,2029-10-31,2029,10,October,4,Wednesday
20291101,2029-11-01,2029,11,November,4,Thursday
20291102,2029-11-02,2029,11,November,4,Friday
20291103,2029-11-03,2029,11,November,4,Saturday
20291104,2029-11-04,2029,11,November,4,Sunday
20291105,2029-11-05,2029,11,November,4,Monday
20291106,2029-11-06,2029,11,November,4,Tuesday
20291107,2029-11-07,2029,11,November,4,Wednesday
20291108,2029-11-08,2029,11,November,4,Thursday
20291109,2029-11-09,2029,11,November,4,Friday
20291110,2029-11-10,2029,11,November,4,Saturday
20291111,2029-11-11,2029,11,November,4,Sunday
20291112,2029-11-12,2029,11,November,4,Monday
20291113,2029-11-13,2029,11,November,4,Tuesday
20291114,2029-11-14,2029,11,November,4,Wednesday
20291115,2029-11-15,2029,11,November,4,Thursday
20291116,2029-11-16,2029,11,November,4,Friday
20291117,2029-11-17,2029,11,November,4,Saturday
20291118,2029-11-18,2029,11,November,4,Sunday
20291119,2029-11-19,2029,11,November,4,Monday
20291120,2029-11-20,2029,11,November,4,Tuesday
20291121,2029-11-21,2029,11,November,4,Wednesday
20291122,2029-11-22,2029,11,November,4,Thursday
20291123,2029-11-23,2029,11,November,4,Friday
20291124,2029-11-24,2029,11,November,4,Saturday
20291125,2029-11-25,2029,11,November,4,Sunday
20291126,2029-11-26,2029,11,November,4,Monday
20291127,2029-11-27,2029,11,November,4,Tuesday
20291128,2029-11-28,2029,11,November,4,Wednesday
20291129,2029-11-29,2029,11,November,4,Thursday
20291130,2029-11-30,2029,11,November,4,Friday
20291201,2029-12-01,2029,12,December,4,Saturday
20291202,2029-12-02,2029,12,December,4,Sunday
20291203,2029-12-03,2029,12,December,4,Monday
20291204,2029-12-04,2029,12,December,4,Tuesday
20291205,2029-12-05,2029,12,December,4,Wednesday
20291206,2029-12-06,2029,12,December,4,Thursday
20291207,2029-12-07,2029,12,December,4,Friday
20291208,2029-12-08,2029,12,December,4,Saturday
20291209,2029-12-09,2029,12,December,4,Sunday
20291210,2029-12-10,2029,12,December,4,Monday
20291211,2029-12-11,2029,12,December,4,Tuesday
20291212,2029-12-12,2029,12,December,4,Wednesday
20291213,2029-12-13,2029,12,December,4,Thursday
20291214,2029-12-14,2029,12,December,4,Friday
20291215,2029-12-15,2029,12,December,4,Saturday
20291216,2029-12-16,2029,12,December,4,Sunday
20291217,2029-12-17,2029,12,December,4,Monday
20291218,2029-12-18,2029,12,December,4,Tuesday
20291219,2029-12-19,2029,12,December,4,Wednesday
20291220,2029-12-20,2029,12,December,4,Thursday
20291221,2029-12-21,2029,12,December,4,Friday
20291222,2029-12-22,2029,12,December,4,Saturday
20291223,2029-12-23,2029,12,December,4,Sunday
20291224,2029-12-24,2029,12,December,4,Monday
20291225,2029-12-25,2029,12,December,4,Tuesday
20291226,2029-12-26,2029,12,December,4,Wednesday
20291227,2029-12-27,2029,12,December,4,Thursday
20291228,2029-12-28,2029,12,December,4,Friday
20291229,2029-12-29,2029,12,December,4,Saturday
20291230,2029-12-30,2029,12,December,4,Sunday
20291231,2029-12-31,2029,12,December,4,Monday
20300101,2030-01-01,2030,1,January,1,Tuesday
20300102,2030-01-02,2030,1,January,1,Wednesday
20300103,2030-01-03,2030,1,January,1,Thursday
20300104,2030-01-04,2030,1,January,1,Friday
20300105,2030-01-05,2030,1,January,1,Saturday
20300106,2030-01-06,2030,1,January,1,Sunday
20300107,2030-01-07,2030,1,January,1,Monday
20300108,2030-01-08,2030,1,January,1,Tuesday
20300109,2030-01-09,2030,1,January,1,Wednesday
20300110,2030-01-10,2030,1,January,1,Thursday
20300111,2030-01-11,2030,1,January,1,Friday
20300112,2030-01-12,2030,1,January,1,Saturday
20300113,2030-01-13,2030,1,January,1,Sunday
20300114,2030-01-14,2030,1,January,1,Monday
20300115,2030-01-15,2030,1,January,1,Tuesday
20300116,2030-01-16,2030,1,January,1,Wednesday
20300117,2030-01-17,2030,1,January,1,Thursday
20300118,2030-01-18,2030,1,January,1,Friday
20300119,2030-01-19,2030,1,January,1,Saturday
20300120,2030-01-20,2030,1,January,1,Sunday
20300121,2030-01-21,2030,1,January,1,Monday
20300122,2030-01-22,2030,1,January,1,Tuesday
20300123,2030-01-23,2030,1,January,1,Wednesday
20300124,2030-01-24,2030,1,January,1,Thursday
20300125,2030-01-25,2030,1,January,1,Friday
20300126,2030-01-26,2030,1,January,1,Saturday
20300127,2030-01-27,2030,1,January,1,Sunday
20300128,2030-01-28,2030,1,January,1,Monday
20300129,2030-01-29,2030,1,January,1,Tuesday
20300130,2030-01-30,2030,1,January,1,Wednesday
20300131,2030-01-31,2030,1,January,1,Thursday
20300201,2030-02-01,2030,2,February,1,Friday
20300202,2030-02-02,2030,2,February,1,Saturday
20300203,2030-02-03,2030,2,February,1,Sunday
20300204,2030-02-04,2030,2,February,1,Monday
20300205,2030-02-05,2030,2,February,1,Tuesday
20300206,2030-02-06,2030,2,February,1,Wednesday
20300207,2030-02-07,2030,2,February,1,Thursday
20300208,2030-02-08,2030,2,February,1,Friday
20300209,2030-02-09,2030,2,February,1,Saturday
20300210,2030-02-10,2030,2,February,1,Sunday
20300211,2030-02-11,2030,2,February,1,Monday
20300212,2030-02-12,2030,2,February,1,Tuesday
20300213,2030-02-13,2030,2,February,1,Wednesday
20300214,2030-02-14,2030,2,February,1,Thursday
20300215,2030-02-15,2030,2,February,1,Friday
20300216,2030-02-16,2030,2,February,1,Saturday
20300217,2030-02-17,2030,2,February,1,Sunday
20300218,2030-02-18,2030,2,February,1,Monday
20300219,2030-02-19,2030,2,February,1,Tuesday
20300220,2030-02-20,2030,2,February,1,Wednesday
20300221,2030-02-21,2030,2,February,1,Thursday
20300222,2030-02-22,2030,2,February,1,Friday
20300223,2030-02-23,2030,2,February,1,Saturday
20300224,2030-02-24,2030,2,February,1,Sunday
20300225,2030-02-25,2030,2,February,1,Monday
20300226,2030-02-26,2030,2,February,1,Tuesday
20300227,2030-02-27,2030,2,February,1,Wednesday
20300228,2030-02-28,2030,2,February,1,Thursday
20300301,2030-03-01,2030,3,March,1,Friday
20300302,2030-03-02,2030,3,March,1,Saturday
20300303,2030-03-03,2030,3,March,1,Sunday
20300304,2030-03-04,2030,3,March,1,Monday
20300305,2030-03-05,2030,3,March,1,Tuesday
20300306,2030-03-06,2030,3,March,1,Wednesday
20300307,2030-03-07,2030,3,March,1,Thursday
20300308,2030-03-08,2030,3,March,1,Friday
20300309,2030-03-09,2030,3,March,1,Saturday
20300310,2030-03-10,2030,3,March,1,Sunday
20300311,2030-03-11,2030,3,March,1,Monday
20300312,2030-03-12,2030,3,March,1,Tuesday
20300313,2030-03-13,2030,3,March,1,Wednesday
20300314,2030-03-14,2030,3,March,1,Thursday
20300315,2030-03-15,2030,3,March,1,Friday
20300316,2030-03-16,2030,3,March,1,Saturday
20300317,2030-03-17,2030,3,March,1,Sunday
20300318,2030-03-18,2030,3,March,1,Monday
20300319,2030-03-19,2030,3,March,1,Tuesday
20300320,2030-03-20,2030,3,March,1,Wednesday
20300321,2030-03-21,2030,3,March,1,Thursday
20300322,2030-03-22,2030,3,March,1,Friday
20300323,2030-03-23,2030,3,March,1,Saturday
20300324,2030-03-24,2030,3,March,1,Sunday
20300325,2030-03-25,2030,3,March,1,Monday
20300326,2030-03-26,2030,3,March,1,Tuesday
20300327,2030-03-27,2030,3,March,1,Wednesday
20300328,2030-03-28,2030,3,March,1,Thursday
20300329,2030-03-29,2030,3,March,1,Friday
20300330,2030-03-30,2030,3,March,1,Saturday
20300331,2030-03-31,2030,3,March,1,Sunday
20300401,2030-04-01,2030,4,April,2,Monday
20300402,2030-04-02,2030,4,April,2,Tuesday
20300403,2030-04-03,2030,4,April,2,Wednesday
20300404,2030-04-04,2030,4,April,2,Thursday
20300405,2030-04-05,2030,4,April,2,Friday
20300406,2030-04-06,2030,4,April,2,Saturday
20300407,2030-04-07,2030,4,April,2,Sunday
20300408,2030-04-08,2030,4,April,2,Monday
20300409,2030-04-09,2030,4,April,2,Tuesday
20300410,2030-04-10,2030,4,April,2,Wednesday
20300411,2030-04-11,2030,4,April,2,Thursday
20300412,2030-04-12,2030,4,April,2,Friday
20300413,2030-04-13,2030,4,April,2,Saturday
20300414,2030-04-14,2030,4,April,2,Sunday
20300415,2030-04-15,2030,4,April,2,Monday
20300416,2030-04-16,2030,4,April,2,Tuesday
20300417,2030-04-17,2030,4,April,2,Wednesday
20300418,2030-04-18,2030,4,April,2,Thursday
20300419,2030-04-19,2030,4,April,2,Friday
20300420,2030-04-20,2030,4,April,2,Saturday
20300421,2030-04-21,2030,4,April,2,Sunday
20300422,2030-04-22,2030,4,April,2,Monday
20300423,2030-04-23,2030,4,April,2,Tuesday
20300424,2030-04-24,2030,4,April,2,Wednesday
20300425,2030-04-25,2030,4,April,2,Thursday
20300426,2030-04-26,2030,4,April,2,Friday
20300427,2030-04-27,2030,4,April,2,Saturday
20300428,2030-04-28,2030,4,April,2,Sunday
20300429,2030-04-29,2030,4,April,2,Monday
20300430,2030-04-30,2030,4,April,2,Tuesday
20300501,2030-05-01,2030,5,May,2,Wednesday
20300502,2030-05-02,2030,5,May,2,Thursday
20300503,2030-05-03,2030,5,May,2,Friday
20300504,2030-05-04,2030,5,May,2,Saturday
20300505,2030-05-05,2030,5,May,2,Sunday
20300506,2030-05-06,2030,5,May,2,Monday
20300507,2030-05-07,2030,5,May,2,Tuesday
20300508,2030-05-08,2030,5,May,2,Wednesday
20300509,2030-05-09,2030,5,May,2,Thursday
20300510,2030-05-10,2030,5,May,2,Friday
20300511,2030-05-11,2030,5,May,2,Saturday
20300512,2030-05-12,2030,5,May,2,Sunday
20300513,2030-05-13,2030,5,May,2,Monday
20300514,2030-05-14,2030,5,May,2,Tuesday
20300515,2030-05-15,2030,5,May,2,Wednesday
20300516,2030-05-16,2030,5,May,2,Thursday
20300517,2030-05-17,2030,5,May,2,Friday
20300518,2030-05-18,2030,5,May,2,Saturday
20300519,2030-05-19,2030,5,May,2,Sunday
20300520,2030-05-20,2030,5,May,2,Monday
20300521,2030-05-21,2030,5,May,2,Tuesday
20300522,2030-05-22,2030,5,May,2,Wednesday
20300523,2030-05-23,2030,5,May,2,Thursday
20300524,2030-05-24,2030,5,May,2,Friday
20300525,2030-05-25,2030,5,May,2,Saturday
20300526,2030-05-26,2030,5,May,2,Sunday
20300527,2030-05-27,2030,5,May,2,Monday
20300528,2030-05-28,2030,5,May,2,Tuesday
20300529,2030-05-29,2030,5,May,2,Wednesday
20300530,2030-05-30,2030,5,May,2,Thursday
20300531,2030-05-31,2030,5,May,2,Friday
20300601,2030-06-01,2030,6,June,2,Saturday
20300602,2030-06-02,2030,6,June,2,Sunday
20300603,2030-06-03,2030,6,June,2,Monday
20300604,2030-06-04,2030,6,June,2,Tuesday
20300605,2030-06-05,2030,6,June,2,Wednesday
20300606,2030-06-06,2030,6,June,2,Thursday
20300607,2030-06-07,2030,6,June,2,Friday
20300608,2030-06-08,2030,6,June,2,Saturday
20300609,2030-06-09,2030,6,June,2,Sunday
20300610,2030-06-10,2030,6,June,2,Monday
20300611,2030-06-11,2030,6,June,2,Tuesday
20300612,2030-06-12,2030,6,June,2,Wednesday
20300613,2030-06-13,2030,6,June,2,Thursday
20300614,2030-06-14,2030,6,June,2,Friday
20300615,2030-06-15,2030,6,June,2,Saturday
20300616,2030-06-16,2030,6,June,2,Sunday
20300617,2030-06-17,2030,6,June,2,Monday
20300618,2030-06-18,2030,6,June,2,Tuesday
20300619,2030-06-19,2030,6,June,2,Wednesday
20300620,2030-06-20,2030,6,June,2,Thursday
20300621,2030-06-21,2030,6,June,2,Friday
20300622,2030-06-22,2030,6,June,2,Saturday
20300623,2030-06-23,2030,6,June,2,Sunday
20300624,2030-06-24,2030,6,June,2,Monday
20300625,2030-06-25,2030,6,June,2,Tuesday
20300626,2030-06-26,2030,6,June,2,Wednesday
20300627,2030-06-27,2030,6,June,2,Thursday
20300628,2030-06-28,2030,6,June,2,Friday
20300629,2030-06-29,2030,6,June,2,Saturday
20300630,2030-06-30,2030,6,June,2,Sunday
20300701,2030-07-01,2030,7,July,3,Monday
20300702,2030-07-02,2030,7,July,3,Tuesday
20300703,2030-07-03,2030,7,July,3,Wednesday
20300704,2030-07-04,2030,7,July,3,Thursday
20300705,2030-07-05,2030,7,July,3,Friday
20300706,2030-07-06,2030,7,July,3,Saturday
20300707,2030-07-07,2030,7,July,3,Sunday
20300708,2030-07-08,2030,7,July,3,Monday
20300709,2030-07-09,2030,7,July,3,Tuesday
20300710,2030-07-10,2030,7,July,3,Wednesday
20300711,2030-07-11,2030,7,July,3,Thursday
20300712,2030-07-12,2030,7,July,3,Friday
20300713,2030-07-13,2030,7,July,3,Saturday
20300714,2030-07-14,2030,7,July,3,Sunday
20300715,2030-07-15,2030,7,July,3,Monday
20300716,2030-07-16,2030,7,July,3,Tuesday
20300717,2030-07-17,2030,7,July,3,Wednesday
20300718,2030-07-18,2030,7,July,3,Thursday
20300719,2030-07-19,2030,7,July,3,Friday
20300720,2030-07-20,2030,7,July,3,Saturday
20300721,2030-07-21,2030,7,July,3,Sunday
20300722,2030-07-22,2030,7,July,3,Monday
20300723,2030-07-23,2030,7,July,3,Tuesday
20300724,2030-07-24,2030,7,July,3,Wednesday
20300725,2030-07-25,2030,7,July,3,Thursday
20300726,2030-07-26,2030,7,July,3,Friday
20300727,2030-07-27,2030,7,July,3,Saturday
20300728,2030-07-28,2030,7,July,3,Sunday
20300729,2030-07-29,2030,7,July,3,Monday
20300730,2030-07-30,2030,7,July,3,Tuesday
20300731,2030-07-31,2030,7,July,3,Wednesday
20300801,2030-08-01,2030,8,August,3,Thursday
20300802,2030-08-02,2030,8,August,3,Friday
20300803,2030-08-03,2030,8,August,3,Saturday
20300804,2030-08-04,2030,8,August,3,Sunday
20300805,2030-08-05,2030,8,August,3,Monday
20300806,2030-08-06,2030,8,August,3,Tuesday
20300807,2030-08-07,2030,8,August,3,Wednesday
20300808,2030-08-08,2030,8,August,3,Thursday
20300809,2030-08-09,2030,8,August,3,Friday
20300810,2030-08-10,2030,8,August,3,Saturday
20300811,2030-08-11,2030,8,August,3,Sunday
20300812,2030-08-12,2030,8,August,3,Monday
20300813,2030-08-13,2030,8,August,3,Tuesday
20300814,2030-08-14,2030,8,August,3,Wednesday
20300815,2030-08-15,2030,8,August,3,Thursday
20300816,2030-08-16,2030,8,August,3,Friday
20300817,2030-08-17,2030,8,August,3,Saturday
20300818,2030-08-18,2030,8,August,3,Sunday
20300819,2030-08-19,2030,8,August,3,Monday
20300820,2030-08-20,2030,8,August,3,Tuesday
20300821,2030-08-21,2030,8,August,3,Wednesday
20300822,2030-08-22,2030,8,August,3,Thursday
20300823,2030-08-23,2030,8,August,3,Friday
20300824,2030-08-24,2030,8,August,3,Saturday
20300825,2030-08-25,2030,8,August,3,Sunday
20300826,2030-08-26,2030,8,August,3,Monday
20300827,2030-08-27,2030,8,August,3,Tuesday
20300828,2030-08-28,2030,8,August,3,Wednesday
20300829,2030-08-29,2030,8,August,3,Thursday
20300830,2030-08-30,2030,8,August,3,Friday
20300831,2030-08-31,2030,8,August,3,Saturday
20300901,2030-09-01,2030,9,September,3,Sunday
20300902,2030-09-02,2030,9,September,3,Monday
20300903,2030-09-03,2030,9,September,3,Tuesday
20300904,2030-09-04,2030,9,September,3,Wednesday
20300905,2030-09-05,2030,9,September,3,Thursday
20300906,2030-09-06,2030,9,September,3,Friday
20300907,2030-09-07,2030,9,September,3,Saturday
20300908,2030-09-08,2030,9,September,3,Sunday
20300909,2030-09-09,2030,9,September,3,Monday
20300910,2030-09-10,2030,9,September,3,Tuesday
20300911,2030-09-11,2030,9,September,3,Wednesday
20300912,2030-09-12,2030,9,September,3,Thursday
20300913,2030-09-13,2030,9,September,3,Friday
20300914,2030-09-14,2030,9,September,3,Saturday
20300915,2030-09-15,2030,9,September,3,Sunday
20300916,2030-09-16,2030,9,September,3,Monday
20300917,2030-09-17,2030,9,September,3,Tuesday
20300918,2030-09-18,2030,9,September,3,Wednesday
20300919,2030-09-19,2030,9,September,3,Thursday
20300920,2030-09-20,2030,9,September,3,Friday
20300921,2030-09-21,2030,9,September,3,Saturday
20300922,2030-09-22,2030,9,September,3,Sunday
20300923,2030-09-23,2030,9,September,3,Monday
20300924,2030-09-24,2030,9,September,3,Tuesday
20300925,2030-09-25,2030,9,September,3,Wednesday
20300926,2030-09-26,2030,9,September,3,Thursday
20300927,2030-09-27,2030,9,September,3,Friday
20300928,2030-09-28,2030,9,September,3,Saturday
20300929,2030-09-29,2030,9,September,3,Sunday
20300930,2030-09-30,2030,9,September,3,Monday
20301001,2030-10-01,2030,10,October,4,Tuesday
20301002,2030-10-02,2030,10,October,4,Wednesday
20301003,2030-10-03,2030,10,October,4,Thursday
20301004,2030-10-04,2030,10,October,4,Friday
20301005,2030-10-05,2030,10,October,4,Saturday
20301006,2030-10-06,2030,10,October,4,Sunday
20301007,2030-10-07,2030,10,October,4,Monday
20301008,2030-10-08,2030,10,October,4,Tuesday
20301009,2030-10-09,2030,10,October,4,Wednesday
20301010,2030-10-10,2030,10,October,4,Thursday
20301011,2030-10-11,2030,10,October,4,Friday
20301012,2030-10-12,2030,10,October,4,Saturday
20301013,2030-10-13,2030,10,October,4,Sunday
20301014,2030-10-14,2030,10,October,4,Monday
20301015,2030-10-15,2030,10,October,4,Tuesday
20301016,2030-10-16,2030,10,October,4,Wednesday
20301017,2030-10-17,2030,10,October,4,Thursday
20301018,2030-10-18,2030,10,October,4,Friday
20301019,2030-10-19,2030,10,October,4,Saturday
20301020,2030-10-20,2030,10,October,4,Sunday
20301021,2030-10-21,2030,10,October,4,Monday
20301022,2030-10-22,2030,10,October,4,Tuesday
20301023,2030-10-23,2030,10,October,4,Wednesday
20301024,2030-10-24,2030,10,October,4,Thursday
20301025,2030-10-25,2030,10,October,4,Friday
20301026,2030-10-26,2030,10,October,4,Saturday
20301027,2030-10-27,2030,10,October,4,Sunday
20301028,2030-10-28,2030,10,October,4,Monday
20301029,2030-10-29,2030,10,October,4,Tuesday
20301030,2030-10-30,2030,10,October,4,Wednesday
20301031,2030-10-31,2030,10,October,4,Thursday
20301101,2030-11-01,2030,11,November,4,Friday
20301102,2030-11-02,2030,11,November,4,Saturday
20301103,2030-11-03,2030,11,November,4,Sunday
20301104,2030-11-04,2030,11,November,4,Monday
20301105,2030-11-05,2030,11,November,4,Tuesday
20301106,2030-11-06,2030,11,November,4,Wednesday
20301107,2030-11-07,2030,11,November,4,Thursday
20301108,2030-11-08,2030,11,November,4,Friday
20301109,2030-11-09,2030,11,November,4,Saturday
20301110,2030-11-10,2030,11,November,4,Sunday
20301111,2030-11-11,2030,11,November,4,Monday
20301112,2030-11-12,2030,11,November,4,Tuesday
20301113,2030-11-13,2030,11,November,4,Wednesday
20301114,2030-11-14,2030,11,November,4,Thursday
20301115,2030-11-15,2030,11,November,4,Friday
20301116,2030-11-16,2030,11,November,4,Saturday
20301117,2030-11-17,2030,11,November,4,Sunday
20301118,2030-11-18,2030,11,November,4,Monday
20301119,2030-11-19,2030,11,November,4,Tuesday
20301120,2030-11-20,2030,11,November,4,Wednesday
20301121,2030-11-21,2030,11,November,4,Thursday
20301122,2030-11-22,2030,11,November,4,Friday
20301123,2030-11-23,2030,11,November,4,Saturday
20301124,2030-11-24,2030,11,November,4,Sunday
20301125,2030-11-25,2030,11,November,4,Monday
20301126,2030-11-26,2030,11,November,4,Tuesday
20301127,2030-11-27,2030,11,November,4,Wednesday
20301128,2030-11-28,2030,11,November,4,Thursday
20301129,2030-11-29,2030,11,November,4,Friday
20301130,2030-11-30,2030,11,November,4,Saturday
20301201,2030-12-01,2030,12,December,4,Sunday
20301202,2030-12-02,2030,12,December,4,Monday
20301203,2030-12-03,2030,12,December,4,Tuesday
20301204,2030-12-04,2030,12,December,4,Wednesday
20301205,2030-12-05,2030,12,December,4,Thursday
20301206,2030-12-06,2030,12,December,4,Friday
20301207,2030-12-07,2030,12,December,4,Saturday
20301208,2030-12-08,2030,12,December,4,Sunday
20301209,2030-12-09,2030,12,December,4,Monday
20301210,2030-12-10,2030,12,December,4,Tuesday
20301211,2030-12-11,2030,12,December,4,Wednesday
20301212,2030-12-12,2030,12,December,4,Thursday
20301213,2030-12-13,2030,12,December,4,Friday
20301214,2030-12-14,2030,12,December,4,Saturday
20301215,2030-12-15,2030,12,December,4,Sunday
20301216,2030-12-16,2030,12,December,4,Monday
20301217,2030-12-17,2030,12,December,4,Tuesday
20301218,2030-12-18,2030,12,December,4,Wednesday
20301219,2030-12-19,2030,12,December,4,Thursday
20301220,2030-12-20,2030,12,December,4,Friday
20301221,2030-12-21,2030,12,December,4,Saturday
20301222,2030-12-22,2030,12,December,4,Sunday
20301223,2030-12-23,2030,12,December,4,Monday
20301224,2030-12-24,2030,12,December,4,Tuesday
20301225,2030-12-25,2030,12,December,4,Wednesday
20301226,2030-12-26,2030,12,December,4,Thursday
20301227,2030-12-27,2030,12,December,4,Friday
20301228,2030-12-28,2030,12,December,4,Saturday
20301229,2030-12-29,2030,12,December,4,Sunday
20301230,2030-12-30,2030,12,December,4,Monday
20301231,2030-12-31,2030,12,December,4,Tuesday
